1	obama family tree find time magazine photo essay "barack obama's family tree". barack obama's parents grandparents come from? find biographical information barack obama's mother.
2	french lick resort casino find homepage french lick resort casino. casinos located within day's drive french lickresort casino? jobs available french lick casino resort? discounted packages staying french lick resortand casino?
3	getting organized find tips getting organized, reducing clutter managing time. take container store homepage. find catalogs office supplies organization decluttering.
4	toilet different kinds toilets exist, differ? i'm looking companies manufacture residential toilets. buy parts american standard toilets? fix toilet working properly? companies manufacture bidets? i'm looking kohler wall-hung toilet. buy one?
5	mitchell college find homepage mitchell college. find homepage athletics department mitchell college. find web pages compare mitchell college colleges inconnecticut. find information admissions mitchell college. ibecome student there?
6	kcs find homepage kansas city southern railroad. i'm looking job kansas city southern railroad. find homepage kanawha county schools west virginia. find homepage knox county school system tennessee. find information kcs energy, inc., merger withpetrohawk energy corporation.
7	air travel information restrictions checked baggage air travel? rules liquids carry-on luggage? find sites collect statistics reports airports,such flight delays, weather conditions, etc. find aaa's website air travel tips. find website transportation security administration(tsa) offers air travel tips.
8	appraisals companies give appraisal home's value? i'm looking companies appraise jewelry. find examples employee performance appraisals. i'm looking web sites antique appraisals.
9	used car parts i'm looking online sites sell car parts. i'm looking car-part.com web site. want find salvage junk yard. i'm looking parts commercial vehicles heavy trucksand semis. i'm looking autozone.com web site. want find online sources napa parts.
10	cheap internet low-cost broadband internet providers? internet providers still sell dial-up? provide inexpensive digital cable television bundled withinternet service? i'm looking vonage homepage. find providers free wireless internet access. want find cheap dsl providers. way get internet access without phone service? take comcast's homepage.
11	gmat prep classes companies offer gmat prep classes? i'm looking free sample gmat exams practice on. i'd like find tips help well gmat. i'm looking beatthegmat blog forums. take veritasprep home page. what's difference gre gmat?
12	djs i'm looking djs specialize hip-hop music. want hire dj wedding. become radio disc jockey? jobs available disc jockeys?
13	map take google maps homepage. take msn maps homepage. want go yahoo maps homepage. i'm looking mapquest's homepage. want find free printable maps. want find sources satellite maps live satellite photos. i'm looking online world atlas.
14	dinosaurs go discovery channel's dinosaur site, pictures ofdinosaurs games. i'm looking free pictures dinosaurs. want find pictures dinosaurs color in, acoloring book. i'm looking list (or many of) different kinds ofdinosaurs, pictures. take homepage bbc series, "walking dinosaurs".
15	espn sports take espn sports home page. i'm looking college football basketball scores. want find nba basketball standings. i'm looking baseball scores information upcoming livebroadcast games. i'm looking information nascar races. i'm looking information fantasy football leagues.
16	arizona game fish take arizona game fish department homepage. regulations hunting fishing arizona? i'm looking arizona fishing report site. i'd like find guides outfitters hunting trips arizona.
17	poker tournaments want find information world series poker. i'm looking schedule poker tournaments las vegas. take full tilt poker website. i'm looking schedule poker tournaments atlantic city. want find texas hold-em tournaments. find books tournament poker playing.
18	wedding budget calculator want find online guides, tips, checklists planning awedding. looking spreadsheets templates help tabulate abudget wedding. want find example wedding budgets. i'm looking information planning wedding shower, liketheme ideas budget guidelines. plan inexpensive wedding?
19	current take homepage current, program minnesotapublic radio. i'm looking homepage current newspaper new jersey. want find homepage current newspaper hartford. want find homepage current magazine san antonio.
20	defender i'm looking homepage windows defender, anti-spywareprogram. find information land rover defender sport-utility vehicle. want go homepage defender marine supplies. i'm looking information defender, arcade game bywilliams. possible play online? i'd like find user reports windows defender, particularlyproblems software. take homepage chicago defender newspaper.
21	volvo i'm looking volvo's homepage. find reviews volvo xc90 suv. find volvo semi trucks sale (new used)? find volvo dealer. find online source volvo parts.
22	rick warren take rick warren's homepage. i'm looking homepage rick warren's book, "the purposedriven life". i'm looking background biographical information rickwarren. want see articles web pages controversy overrick warren's invocation obama inauguration. want read debate john mccain barackobama hosted rick warren.
23	yahoo take yahoo! homepage. take yahoo! mail. i'm looking yahoo! messenger homepage. take yahoo! finance. i'm looking yahoo! music homepage. want log yahoo! account. find information yahoo!, company.
24	diversity workplace diversity achieved managed? find free activities materials running diversitytraining program office. cultural diversity? prejudice? find quotes, poems, and/or artwork illustrating promoting diversity.
25	euclid find information greek mathematician euclid. i'm looking source euclid truck parts. take homepage euclid industries. take homepage euclid chemical company.
26	lower heart rate causes heart beat faster slower? normal heart rate person resting? lower heart rate? higher heart rate related high blood pressure orcholesterol?
27	starbucks take starbucks homepage. balance starbucks gift card? find menu starbucks, prices. find calorie counts nutritional information aboutstarbucks products. find recipes starbucks, either making using starbucksproducts. i'm looking locations starbucks stores worldwide.
28	inuyasha i'm looking pictures wallpaper images inuyasha. find inuyasha anime episodes download. find games based inuyasha series, either online gamesystems. i'm looking inuyasha fan forums websites. find music inuyasha television series.
29	ps 2 games find reviews playstation 2 games. find cheat codes playstation 2 games? i'm looking sites announce new playstation 2 games. buy used playstation 2 games? specifications playstation 2 console?
30	diabetes education find free diabetes education materials videos, pamphlets,and books. take nih national diabetes education program homepage. take american association diabetes educators homepage. i'm looking nutrition diet information diabetics. get free diabetes education posters? become diabetes educator?
31	atari want read history atari 2600 atarigame consoles. looking site play old atari games online. find information classic atari games. find information atari arcade games.
32	website design hosting cheapest web hosting companies? offers free webhosting? register domain name? find sites offer free dns hosting. find reviews web hosting services, geared towards smallbusiness needs. i'm looking information courses designing web sites.
33	elliptical trainer i'm looking reviews elliptical machines. buy used discounted elliptical trainer? benefits elliptical trainer compared otherfitness machines? best elliptical trainers home use?
34	cell phones free phones available different vendors? go at&t's cell phones page. go verizon's page lists phones sale. find information prepaid cell phones. companies offerthem? kind phones available? go nokia's home page. cell phone companies offer motorola phones? go sprint's page lists phones sale. find information buying unlocked phones?
35	hoboken find restaurants hoboken. find homepage city hoboken, nj. i'm looking history hoboken, nj. i'm looking information bars nightclubs hoboken, nj. find real estate listings hoboken, nj. find street-level map hoboken, nj.
36	gps find reviews gps units car navigation systems. take garmin homepage. take gps magazine. find reviews digital cameras built-in gps.
37	pampered chef take pampered chef homepage. host pampered chef cooking show? become pampered chef consultant? find recipes pampered chef. would like find reviews pampered chef programs,products, recipes.
38	dogs adoption find organizations offer dogs adoption. take homepage humane society. know adopting dog?
39	disneyland hotel hotels near disneyland? find information package deals hotels near disneyland. find reviews disneyland hotels. find special offers reduced ticket rates disneyland. take hotel listing disneyland web site.
40	take michworks michigan talent bank homepage. jobs available michigan? find career resources information job seeking michigan. find information services available unemployed inmichigan.
41	orange county convention center take orange county convention center homepage. find schedule events taking place orange countyconvention center. reserve orange county convention center event? hotels near orange county convention center?
42	music man find lyrics songs music man. find current performances music man. find recordings songs music man. i'm looking script music man.
43	secret garden find reviews book secret garden. find reviews various tv movie adaptations secretgarden. i'm looking biographical notes frances hodgson burnett. find information broadway musical secret garden.
44	map united states find us road maps. find detailed geographic maps united states. find political maps united states showing states andtheir capitals. find printable maps united states. find black-and-white outline map united states thata child could color.
45	solar panels kinds solar panels photovoltaic cells there? go ja solar homepage. go solarfun homepage. find information solar panels install home. go homepage evergreen solar. find information nano-technological solar power.
46	alexian brothers hospital go alexian brothers health system homepage. find information alexian brothers lay catholic order. find alexian brothers hospitals.
47	indexed annuity indexed annuity? advantages anddisadvantages? kinds indexed annuities there? buy indexed annuity? investment companiesoffer them? find ratings indexed annuities.
48	wilson antenna go wilson antenna homepage. kinds cb antennas wilson antenna sell? buy used wilson antennas? best antenna wilson big truck? find reviews wilson antennas.
49	flame designs find free flame design clipart use website. make realistic flame images using photoshop? i'm looking good flame tattoo designs. find pictures flames fire. want find flame design decals put car motorcycle. i'm looking flame design stencils.
50	dog heat effect excessive heat dogs? symptoms heat stroke heat-related illnessesin dogs? find information dogs' reproductive cycle. meanwhen dog "in heat"?
