1089027	vegan how much protein a day
1083945	what does distraction mean
1035379	what is the nationality
300306	how many words make up a page
642032	what does kusum mean
1093570	largest firms in china
1005798	define rarefy
419333	is nizuc resort all inclusive
1100581	films material science definition
1012866	what was elvis presley's wife's name
1055717	what is epic database for healthcare
1093096	meaning of by the fall of
154301	divine wisdom definition
267341	how long should you allow a calf to nurse
626462	what do you do in a film production club
998013	where is princeton, mn located?
524447	treatment of varicose veins in legs
1089925	the bancorp routing number
1096262	how much do you make at tesla
1061472	what is aripiprazole used for?
1099816	homologs definition
1073358	what is a fume hood used for in chemistry
1087766	what are apple cider vitamins for
1086679	what are the worst foods for arthritis
43781	average savings per age group
1004921	when does fifty shades freed come out in theaters
1083268	what does penicillin attack
683045	what is a fem pop
397090	intermediate anatomy definition
855725	what is this summer period?
1028742	who invented ice cream?
636949	what does eobr means
1095994	how much earnings required to file taxes
703211	what is a tessellation pattern
854862	what is the zip code for  gray tn
1094501	in what ways can an educator exceed in their role
946428	when does fahrenheit 451 take place
409207	is elastic a fiber?
1048185	what is pododermatitis
1080970	what foods are good for lupus
604673	what county is corinth, maine in
243244	how long can you keep raw chicken in the refrigerator
723144	what is bella mean in italian
183874	explain the structure of bone tissue
796056	what is sidney
1058271	what is community legal service
1094394	acetate definition
948397	when does the stock market close daily
453856	military salary pay average
706950	what is abbreviated dialing
1086266	what causes a burning sensation in my ankle
559771	what are hamitic peoples
455776	monosyllabic definition
924398	what were the terms of the treaty of nanjing
505152	suicide squad squad cast
745746	what is expected of an electrical engineer?
75266	can vcenter standard manage essentials plus
1069128	what is a portable engine
1045374	what is targeted victory
1102240	definition of savior
908316	what to wear to a graduation
559959	what are herpes pimples
1041146	what is the description of a gas
1057139	what is database software? quizlet
435412	lakegirl address
1087204	what are swine fries
1015556	which of the following organs contains villi?
97612	contact phone number for global entry
156723	do hulled strawberries need to be refrigerated?
992257	who authored desperation
776465	what is neutrophils definition
991210	definition of explicate
1095857	how much is fireworks disney dessert
829087	what is the luling zip code
737940	what is decon on nfl uniforms
1085454	what county is lumberton, nc
166111	does excessive spinach consumption cause kidney stones
1040064	what is the elevation of warrensburg
986852	who was dauphin
1101845	wnli phone number
30188	avatar the last airbender game
1095921	how much is a driver's license renewal
535599	vanda orchids different leaf types
815243	what is the definition of my monologue
1059619	who's the killer
323154	how much is the cost of a movie ticket
1096712	how many reps does missouri have
943170	when did women in usa get right to vote
1062928	what is an example of speciation
686260	what is a ham hock in cooking
97972	control panel define control panel
406576	is clover good for erosion
1089645	brownsburg in zip
530572	types of wrist brace
1041473	who is the president of switzerland?
1041948	what is the dare font
583916	what cause pain on your right side
992407	who administers the federal unemployment compensation laws?
837181	what is the nutritional benefit of flax seeds
107812	cost of us passport
1083926	what does draw weight mean archery
169305	does motion sensor device have camera
1091630	phone number of pnc
660999	what foods are high in bad carbs
547018	webster definition of mourning
1097786	how long to bake baked potato?
1088960	vinny paz net worth
724571	what is blackleg
1000519	where did the ottomans deport the armenians
997860	where is selah washington located
262280	how long is a dogs heat cycle?
450681	means disease of the chest is
909547	what tv series theme song was woke up this morning?
1086715	what are the tools used to make a relief print
236580	how is drive booster
1093791	bara properties inc
1092416	mothball meaning
24441	are premature roth ira distributions taxable
974808	where does the pioneer woman live?
1092203	nist definitions of private and community clouds
627513	what doe the 4th estate mean
998641	where is long john silver located in goldsboro nc
747345	what is financial leverage ratio
1093621	land clearing average cost per acre
910818	what type of cancer did jim kelly have
803599	what is the  mascot of   yale university
853471	what is the weather in death valley
904727	what time does walmart pharmacy open?
987671	who said never let a tragedy go to waste
865971	what kills ants home remedy
455743	monoliths definition
1056060	what is elbaite
1069717	what is a oligarchy def
1013304	define hemolytic reactions
1095478	how much sodium do green pepper have
139897	definition sharing
840061	what is the population of perryville missouri
54544	blood diseases that are sexually transmitted
70340	can inheritance monies be taken by the trustee in bankruptcy
1075980	what is a buddy test
1092394	msdcf definition
818421	what is the difference between soul & spirit
1098481	aultman orrville
875796	what makes the heart pump blood
823421	what is the generic name for zanaflex
274981	how many atp does glycolysis produce
1022712	what percentage of the world has anorexia
403793	is badminton a sport
1048281	what is placenta dysplasia
172608	does the independent or dependent variable go on the x-axis
519145	the three punctuation marks which can end a sentence are
1021324	define astronomers
559709	what are guitar plectrums
240504	how long before female dog shows pregnancy
431481	is willie mcgee in the hall of fame
556489	what are chia seeds benefits
1088903	volatile meaning?
1086046	what causes the li
257018	how long does it take to get mars from earth
215603	how did the uluru rock form
428773	is there a wunderlist app for android
64179	can an enlarged prostate cause
1018918	what testing phase ensures that the code meets customer requirements
850450	what is the temperature on earth
937427	when did batman begin
1083797	what does fractional mean?
161117	do you place a period before or after a quote?
841961	what is the purpose of a grand jury
1040684	who is the killer any detective
241246	how long can a hippo hold its breath underwater
1099368	how do spirits manifest themselves
776517	what is new positive attitude means?
515335	the definition of the word yield
683193	what is a file compression mean in computer software?
1082445	what does unlock my device mean
880766	what nationality is male name ish
310948	how much does a polar bear liver weigh
1086834	what are the signs of kidney failure in dogs with dm?
1009695	what's a twin flame
170581	does prilosec cause weight loss
119089	define cleft
1028598	what is wondershare filmora
703383	what is a thoracentesis
1022782	what percentage is taken out for taxes
1083285	what does parsed mean
990375	who is jeconiah
991032	who is cole bennett
1083517	what does labor burden generally include
1083341	what does ocr in hipaa mean
1040353	who is the girl in old navy commercial
1095012	how tall is james hetfield
59426	calories crab meat
555750	what are boot devices?
960265	when was the articles of confederation adopted by congress
108507	cost planned parenthood tubal ligation
884878	what part of the body does alzheimer's affect
145877	diesel prices in kuwait
891565	what river is near scotts seadoos in sacramento
77878	can you get refunded on an amazon prime subscription
785176	what is polydextrose made from