1	protein vegan sources
2	important distraction mean
3	mean domain nationality
4	word page many
5	sirhan mean kusum
6	largest china banks
7	rare slim low
8	inclusive resorts cancun
9	science definition scientific
10	elvis married wife
11	healthcare united address
12	fall meaning end
13	wisdom definition biblical
14	calf pain treatment
15	movie movies near
16	princeton university nj
17	legs varicose veins
18	routing number bank
19	tesla model build
20	used gabapentin omeprazole
21	definition homologous list
22	chemistry definition matter
23	apple cider vinegar
24	worst foods arthritis
25	average age savings
26	movie shades fifty
27	penicillin narcotic cause
28	pop quiz art
29	anatomy definition posterior
30	summer day things
31	ice cream maker
32	eobr means sciatica
33	taxes file pay
34	mean tessellation pattern
35	zip code tn
36	important education development
37	fahrenheit 451 date
38	fiber elastic potential
39	infection staph endometriosis
40	foods good help
41	maine town county
42	chicken frozen breast
43	italian italy word
44	bone density tissue
45	sidney john city
46	legal attorney aid
47	formula acetic acid
48	stock market closed
49	pay military salary
50	number calling called
51	ankle pain burning
52	hamitic peoples seleucids
53	word definition single
54	paris treaty agreement
55	suicide squad assessment
56	electrical engineering types
57	provider eligibility access
58	portable generator makes
59	worth win victory
60	meaning words definition
61	graduation wedding party
62	herpes pimples simplex
63	gas propane cause
64	quizlet answers quiz
65	lake mountain lady
66	fries french called
67	organ function organs
68	number global phone
69	strawberries freeze nutrition
70	wrote remitter authored
71	niels bohr neutrophils
72	difference definition presume
73	disney magic fireworks
74	zip code address
75	nfl teams today
76	north carolina nc
77	kidney stones cause
78	elevation warrensburg site
79	lord henry haw
80	phone number ssa
81	last avatar airbender
82	license renewal driver's
83	different types flowers
84	rhetorical example definition
85	killer kill killed
86	cost movies movie
87	missouri state show
88	women vote right
89	example speciation use
90	ham cooking time
91	control panel system
92	soil clover good
93	zip code cleveland
94	wrist brace thumb
95	switzerland cities president
96	dare id font
97	right pain side
98	unemployment benefits insurance
99	nutritional value seeds
100	us passport cost
101	weight archery gain
102	camera motion sensor
103	phone number adp
104	bad foods high
105	grief loss funeral
106	potato baked recipe
107	net worth john
108	black meaning blackheads
109	turkey need visa
110	washington city university
111	heat dog dogs
112	chest pain inflammation
113	morning show tv
114	tools printable used
115	makes drive batteries
116	llc city inc
117	moth moths meaning
118	taxable ira roth
119	pioneer woman mother
120	private public ip
121	4 4th season
122	gold nc goldsboro
123	financial cash capital
124	acre per cost
125	cancer cause curable
126	yale university new
127	death valley weather
128	walmart pharmacy hours
129	never give gonna
130	ants ant kill
131	octagon absolute definition
132	ibn elbaite nipsey
133	important leadership oligarchy
134	treatment hematoma hemorrhoids
135	green beans pepper
136	definition sharing network
137	missouri city population
138	transmitted sexually sexual
139	bankruptcy court federal
140	buddy test nmc
141	ms definition project
142	soul important difference
143	john hopkins ebp
144	blood heart flow
145	generic name cialis
146	atp electron energy
147	anorexia nervosa risk
148	badminton sport need
149	disease symptoms colonoscopy
150	x axis independent
151	three 3 words
152	astronomy stars constellation
153	guitar chords lyrics
154	dogs dog female
155	hall baseball fame
156	seeds chia seed
157	sentence conflict interest
158	created important causes
159	mars earth distance
160	rock built rocks
161	android app play
162	prostate enlarged cause
163	customer service skills
164	temperature current map
165	batman robin cast
166	fraction fractions convert
167	period comma go
168	jury grand supreme
169	killer murder zodiac
170	underwater turtles long
171	psychic real soul
172	positive new words
173	definition meaning word
174	computer software programs
175	unlock phone device
176	male names guy
177	bear polar population
178	dogs failure kidney
179	fire twin flame
180	weight loss cause
181	cleft palate define
182	film kuch carry
183	thor thoracentesis commands
184	taxes tax income
185	mean parsed precipitates
186	st thomas jude
187	jay jack cole
188	labor labour cost
189	hipaa covered ocr
190	old navy commercial
191	largest tall big
192	crab calories meat
193	boot drive hard
194	congress articles confederation
195	cost planned parenthood
196	alzheimer's dementia disease
197	diesel prices fuel
198	sacramento county ca
199	amazon prime download
200	codeine polyester plastic
