1	vegan much protein day protein sources vegetarians vegan diet food list whole foods vegan desserts vegan meals budget protein per day calculator vegan sources protein vegetarian protein sources list vegans get enough protein vegan recipes budget high protein vegan meal plan best source protein vegans vegetarian protein sources chart vegetarians eat dairy protein vegetarians list vegan one protein powder vegan keto protein powder vegetarian protein foods list protein vegan diet vega protein snack bar
2	distraction mean retention important range motion important affect imagery used cool important constipated anxiety vaping dangerous important condensation occur oh dear matter reflection important strictly adr advantageous palpitations kike offensive wonder threat
3	nationality ilook like people involved ce mean sos mean miscellaneous mean whose affiant country nationality meaning domain domain classify called hi name ins domain tool pronounce citizenship mean ip
4	many words make page word count pages hexagon many sides contents page word page number word excel count many times word appears format page numbers word formatting page numbers word word count pages octagon many sides page numbers word two columns word page numbers word footer number pages word page numbering word print multiple word documents quart many cups number pages word content page word duplicate page word
5	kusum mean sirhan sirhan sirhan sirhan sic mean sous vide precipitates form nb mean asafetida nlp moabites tofu bre tiesi aioli ibn sina abu bakr el shaddai answer hse word hoda kotb
6	largest firms china largest banks usa largest publicly traded companies largest currency world biggest city china largest banks united states popular jobs china populated cities china largest business world populated city china largest companies revenue largest economy world largest cities china common language china list largest banks us largest asset managers world largest us banks assets largest companies world revenue largest companies united states biggest banks china
7	define rarefy infjs rare intps rare state slim program short term o+ blood rare precious song temperature medium rare a- blood rare low key lighting definition rare state quarters list e natural minor scale rarest personality type myers briggs low alt levels indicate rare medium well done crown royal extra rare short time frame synonym low level format tool slim shady tandem slim complaints
8	nizuc resort inclusive cancun inclusive resorts inclusive beaches resorts inclusive st lucia oahu inclusive resorts inclusive packages cabo san lucas inclusive package deals inclusive hotels albufeira cancun inclusive deals cancun inclusive resorts packages aulani inclusive inclusive curacao resorts inclusive couples resorts grand oasis cancun inclusive united vacations packages inclusive beach inclusive resorts beaches inclusive resorts inclusive resorts us beaches resorts inclusive packages inclusive cancun family resorts
9	films material science definition definition deposition science science applications international corp science definition mixture list branches science scientific method steps definitions definition scientific law definition scientific theory branches science list describe characteristics science science words definitions scientific terms definitions definition work science institute scientific information dependent variable science definition solute meaning science definition science define variable science list science courses producer science definition
10	elvis presley's wife's name kim kardashian married today played xena warrior princess tina turner married jay leno's wife pics elvis costello wife diana krall elvis presley lawdy miss clawdy caesar's wife garth brooks wife princess diana daughter clint eastwood married priscilla divorce elvis presley britney spears married aretha franklin married diana krall elvis costello divorce loretta lynn married priscilla presley remarry influenced elvis presley michael jackson's wife elvis presley book
11	epic database healthcare united healthcare group plans epic medical software user guide epic software healthcare training manual nhs definition health united healthcare claim address united healthcare precertification list united medical resources insurance address united healthcare provider search united health care claim address healthcare partners urgent care locations united healthcare part plan definition healthcare provider h & p medical definition united healthcare appeals address cover letter healthcare healthcare mission statement examples united healthcare plan f united healthcare compass plan allied health insurance provider portal
12	meaning fall end life process end point titration add drop word meaning break end life copd signs end times insert dropdown word halo fall reach regress mean define loss endpoint titration fall protection general industry meaning phase path exile fall quotes sayings loss fall risk care plan together stand divided fall song meaning give
13	divine wisdom definition temple holy spirit scriptures wisdom panel sign definition wisdom biblical cs lewis belief god wisdom panel log biblical definition favor meaning mercy biblical word wisdom lds hope god scripture definition god's grace biblical meaning grace biblical definition praise meaning wisdom bible biblical definition mercy temple holy spirit jesus wisdom god wedding words wisdom biblical meaning humility definition providence god
14	long allow calf nurse prevent diabetes tractor supply calf puller age get mammogram velveeta dairy calf muscle medical term exercises calf pain grade 2 calf strain symptoms dvt calf cause calf cramps maternal health important treatment blood clot calf calf strain physical therapy protocol symptoms dvt calf stretches calf pain calf exercises mass calf muscle pain treatment treatment scours calves take dayquil breastfeeding animals get lyme disease
15	film production club tv shows film nyc movie cinema near current movies theatre local movie times near movie theater near location admission bar movie times regal cinema sites download hollywood movies studio movie grill corporate office movie theater shows times printers sam's club hollywood movies download website workday mgm employee login movie maker editor locations movies filmed movies playing cinemark upon time hollywood wiki movies playing rave movie clubs join
16	princeton, mn located? hamilton nj county hospitals princeton nj jersey shore princeton hospital plainsboro nj princeton university graduate programs princeton medical center plainsboro penn station princeton junction princeton university open house summit bank princeton wv princeton university related people hospitals near princeton nj princeton review colleges princeton university museum art things princeton nj princeton university home page city princeton wi princeton medical center careers princeton university robert mueller princeton mn weather forecast
17	treatment varicose veins legs causes vasculitis legs fluid legs treatment leg makeup veins treatments edema legs varicose veins feet causes myopathy legs vascular disease legs treatment lymphedema legs purpura causes legs stent legs circulation symptoms varicose veins legs symptoms cellulitis legs symptoms vasculitis legs varicose veins esophagus causes petechiae legs varicose eczema legs treatment varicose veins legs causes signs clogged arteries legs symptoms lymphedema legs
18	bancorp routing number lookup bank routing number look bank routing numbers directory routing number m&t bank find bank name routing number lloyds banking contact number look bank name routing number find bank address routing number routing number banks bank name routing number central bank routing number lloyds bank contact address bank account transit number bank routing number list associated bank routing number ts bank routing number routing numbers banks bank transaction code guide banking routing number lookup bank account routing number
19	much make tesla tesla model reviews tesla build price cost tesla stock tesla stock prices history tesla power wall cost tesla model features tesla supercharger locations map ceo tesla elon musk tesla tesla test drive locations build price tesla tesla model performance makes tesla cars tesla number employees tesla mission vision range tesla tesla model review tesla model prices tesla supercharger rates state
20	aripiprazole used for? gabapentin used omeprazole take prednisone used pradaxa affect inr ramipril used zelle work venmo take zantac omeprazole amlodipine besylate contain valsartan aphantasia codeine percocet prescribe naltrexone lisinopril cause ed fentanyl used prednisone prescribed medication reglan used gabapentin work indications use amiodarone atorvastatin used amlodipine contain valsartan
21	homologs definition synapsis homologous chromosomes examples homologous structures example homologous structure meaning homo sapiens intrinsic extrinsic definition printable list homonyms mono e mono meaning words prefix mono list homonyms homophones meaning sentences functional equivalence theory nida difference homonyms homophones mono diglycerides definition definition homophone equality diversity inclusion definition list homophones pdf homo sapiens sapiens characteristics list english homophones example homologous structures
22	fume hood used chemistry exothermic reaction definition chemistry chemistry lab equipment list types chemistry jobs states matter chemistry definition hybridization chemistry definition mixture chemistry u symbol chemistry definition titration chemistry define matter chemistry definition indicator chemistry examples compounds chemistry concentration formula chemistry chemistry definition element definition compound chemistry definition polarity chemistry definition matter chemistry definition element chemistry chemistry mole chemistry mole
23	apple cider vitamins apple cider good apple cider vinegar take mulled apple cider recipe apples vitamin c orange juice vitamin wa apple health plan finder minute maid apple juice apple cider vinager diet apple cider vingar diet apple cider pills reviews bragg apple cider vinegar diet plan fuji apple nutrition facts apple cider vinegar diets apple cider vineger diet apple fritter nutrition facts apple cider vinegar pills work apple cider vinegar pills effective recipes apple pie filling apple cider vinegar capsules
24	worst foods arthritis worst food inflammation worst carbs eat worst foods heartburn worst foods belly fat foods bad rheumatoid arthritis worst foods arthritis uk foods bad arthritis five worst foods arthritis worst foods eat worst foods joint pain worst vegetables arthritis worst food diabetes worst food arthritis worst food dogs foods make arthritis pain worse worst cheese lactose intolerance worst food arthritis inflammation worst foods dogs worst foods cholesterol levels
25	average savings per age group average retirement savings age chart average savings age group average retirement age us average retirement income age average cost child average us retirement savings average allowance age average savings us average return investment average savings interest rate average income per person average us retirement age average us household income average amount kids per family average cost child support average wealth age average cost vacation average savings uk average wage per year
26	fifty shades freed come theaters cast rent movie fifty shades freed full movie online watch 50 shades darker online fifty shades movies order movie theaters near showtimes prices fifty shades darker watch online cost movie tickets amc matinee movie prices near movie fifty shades grey yesterday movie theaters near fifty shades freed full movie fifty shades darker full movie online fifty shades grey freed movie fifty shades full movie saturday night live movies fifty shades grey movies fifty shades freed movie fandango movies theaters times south shore movie theater
27	penicillin attack tizanidine narcotic adderall narcotic metronidazole penicillin get eczema invented penicillin erythromycin penicillin based doxycycline penicillin amoxicillin treat uti zosyn penicillin prednisone prescribed benadryl cause constipation imitrex narcotic prednisone cause constipation vancomycin penicillin azithromycin penicillin promethazine narcotic hypomagnesemia cause hypokalemia phentermine narcotic diazepam
28	fem pop amboy dukes guess pop song nipsey hussle hypothyroidism quiz diazepam xmen gen z definition pop art definition nerd pop warner gypsies rosicrucians pop art created bram stoker pop art start narcissist quiz astigmatism quiz nipsey hustle owns chick fil-a
29	intermediate anatomy definition pectoralis minor origin insertion edema lower extremity anatomy sacrum soft tissue vs subcutaneous tissue treatment pityriasis versicolor anterior vs posterior anatomy anatomy planes sections partial anterior circulation stroke acute care vs subacute care cellulitis lower extremity posterior vitreous detachment treatment roux en anatomy posterior body cavity definition function inferior vena cava posterior cortical atrophy nhs venous duplex lower extremity marginal cord insertion definition mid follicular phase definition define inferior vena cava
30	summer period? fist day summer sonnet shall compare thee summer's day new zealand summer time summer start end banff summer words associated summer song summertime article summer season summer next step things vail summer summer day summer things list activities summer things summer fan direction summer information summer season whistler summer jackson hole summer list summer words
31	invented ice cream? penn state ice cream ice cream names list recipes ice cream maker recipe homemade ice cream maker ingredients make ice cream names ice cream sells ice cream cakes owns ben jerry's ice cream sherbet ice cream ice cream bars brands list ice cream flavors ingredients ice cream dairy queen ice cream real ice cream maker commercial ice cream gluten inventor ice cream invention ice cream ice cream cone maker types ice creams
32	eobr means sciatica affiant asafetida hep get troye sivan went agt aarp bmi subject erisa sous vide virgo element azor ahai aries compatible stevia ig meme vacuole arugula called
33	much earnings required file taxes taxes salary calculator pay taxes dividends must file taxes file taxes file income tax calculate much taxes paycheck must file income taxes h&r block charge file taxes need file taxes dependents file taxes file taxes owe pay taxes pay taxes workers comp pay must file income tax return file taxes file taxes owe ssi recipients file taxes income file taxes pay income tax
34	tessellation pattern see mee ag barr tricare prime cover vision visual bts ie mean millenials cone edge tai chi arugula determiner target take ebt ray dalio grace mean madara uchiha blac chyna aries compatible asafetida sos mean issa rae
35	zip code gray tn zip code thomasville ga need zip code address nh zip code map list zip codes zip code county ft benning zip code zip code weymouth location zip code zip code thomasville nc zip code duxbury fort knox zip code zip code troy mi zip code brentwood nh zip code trumbull ct zip code clarksville tn district number zip code area codes zip codes zip code hermitage tn fort campbell tn zip code
36	ways educator exceed role setting goals important current issues education student engagement important human development important education important society questions evaluate training effectiveness types questions education control group important adaptations important staff development important testing important needs rcra training teacher become teacher need objective resume apa formatting matter education performance appraisals important want teach candidates area
37	fahrenheit 451 take place fahrenheit 451 ray bradbury conversion chart centigrade fahrenheit centigrade fahrenheit chart quotes fahrenheit 451 fahrenheit 451 summary sparknotes conception date due date calculator step opsec process contribute sep ira 70 1/2 roth ira withdraw created calendar faber fahrenheit 451 faber fahrenheit 451 quotes fahrenheit 451 cliff notes fahrenheit 451 amniocentesis done fahrenheit 451 part 2 eggs expiration date long characters fahrenheit 451 fahrenheit 451 chapter 1 summary
38	elastic fiber? elastic inelastic definition fiber help constipation calculating modulus elasticity fiber cable connector types tighten loose skin much fiber elastic potential energy definition granola fiber metamucil soluble fiber celery fiber modal fabric stretchy difference elastic inelastic examples elastic potential energy example elastic potential energy shingles bilateral fiber cause bloating fiber good muscle connective tissue miralax fiber
39	pododermatitis sinus infection turn bronchitis mrsa staph infection endometriosis cause bloating needs colonoscopy anorexia disease meropenem cover pseudomonas colon polyps precancerous osteoporosis occur meningitis titer people get appendicitis cancer staph infection itch grey worm flomax cause ed appendix signs ankylosing spondylitis endometriosis group strep vaginitis ankylosing spondylitis hereditary
40	foods good lupus foods help bowel movements foods lecithin list foods help gastritis cucumber good foods help anemia pickles good you? take metformin food pickles good foods combat gout foods eat osteopenia foods help bloating foods trigger pheochromocytomas foods starch list foods help anemia cucumbers good pickles probiotics foods contain lectins rhubarb good foods good hypothyroidism
41	county corinth, maine town cape elizabeth maine town hermon maine town kennebunk maine state abbreviation maine town houlton maine town windham, maine state maine title division city presque isle maine lewiston district court maine town oob maine list maine counties town casco maine oxford county registry deeds maine maine ems ceh report somerset county maine map town presque isle maine state code maine town maine wi alfred superior court maine
42	long keep raw chicken refrigerator internal temp grilled chicken refreeze raw chicken boil frozen chicken breast internal temp cooked chicken feed dog raw chicken freeze cooked chicken pressure cook frozen chicken breast frozen chicken breast pressure cooker cook chicken breast frozen pressure cooker frozen chicken cook frozen chicken breast bake chicken temp ways cook boneless chicken breast cook frozen chicken air fryer frozen chicken tenders air fryer fry frozen chicken make ahead chicken freezer meals recipe canned chicken cook chicken frozen
43	bella mean italian malta part italy mark simone italian st patrick italian italians called dagos italian word history italian language apply italian passport italian words phrases vouchers ask italian italian terms endearment italy's leader word reference italian english leonardo dicaprio italian americans live italy italian word goodbye italian gestures meanings ciao bella meaning italian ariana grande italian renaissance begin italy
44	explain structure bone tissue bone density test results explained diagram bone process bone formation bone morphogenetic protein 2 bone density recommendations guidelines combining form bone functions bone process bone growth bone density results explained bone density scan results interpretation callus formation bone healing bone morphogenic protein definition bone connective tissue histology bone tissue cross section bone causes bone spurs types bones skeletal system structure bone tissue bone density test results
45	sidney city sidney oh mark levin patrick henry leeroy jenkins radon john bowlby mystery babylon nirav modi omeprazole ag barr abe lincoln paye john proctor pol pot mata hari elie saab dav pilkey alan greenspan
46	community legal service list legal services eoir qualify legal aid confirms attorney general fisa court judges rgb judge gets legal aid judicial watch find legal aid lawyer legal adviser advisor lawyer form power attorney judicial branch character reference letter court office legal counsel doj case manager nysif power attorney mean power attorney guide character statement court doj office legal counsel
47	acetate definition general formula alkenes alkane alkene alkyne formula use acetic acid strontium cation anion dopamine definition function dissociation acetic acid isoproterenol mechanism action chemical formula acetate functional group ketone aspartame acesulfame k acetic acid storage requirements ethyl acetate cas number density ethyl acetate formula acetic acid glycol ether pm acetate general formula alkene acetic acid molecular formula chlorothiazide mechanism action density acetic acid
48	stock market close daily closing stock prices date us stock market close yesterday days stock market closed stock exchange close today stock markets closed today stock market drop today stock market closed today closing month accounting year ein banks closed monday banks closed monday stock market closed today closing numbers stock market banks close veterans day us banks closed today stock market closings today stock market closed days stock market close early today stock market closes time stock market closed presidents day
49	military salary pay average army basic pay chart military salary rank army enlisted pay scale army sdap pay chart pay scale military military wages rank vet tech average salary military police officer salary military basic pay chart military drill pay chart us army pay grades average pay federal workers officer pay scale army general salary pay scale national security advisor salary military pay charts dfas chief staff salary military pay chart army military pay grades chart
50	abbreviated dialing calling number look number called calls calls number whos number this? ask reference letter dial contact put call options number abbreviated block number calling difference put call option question mark quotes called router called number need eori number calling questions ask calling references rings number
51	causes burning sensation ankle causes ankle swelling causes ankle edema sharp stabbing pain ankle ankle joint pain causes burning pain ankle area avulsion fracture ankle ankle hurting rash foot ankle pain ankle area pain back ankle heel symptoms sprained ankle burning pain ankle ankle pain burning sensation pain top ankle pain side heel ankle pain ankle heel plantar fasciitis ankle pain burning sensation ankles burning ankle pain causes
52	hamitic peoples seleucids beto orourke moabites kurds draco malfoy cushites today torrey devitto minoans sargon akkad spiro agnew ainu people shatta wale sumerians abu bakr canaanites powhatan aly raisman pleiadians rohingyas
53	monosyllabic definition flat major key monosaccharide basic figures speech double space word major minor scale difference polyunsaturated mono single spacing word single line spacing word homogeneous heterogeneous definition single spacing word e flat major scale double space word document one one communication definition generic terms conditions single space word document mono e mono definition independent subordinate clauses livingstone solid surface colors levels independent variables
54	terms treaty nanjing middle colonies founded paris agreement memorandum understanding binding signed paris agreement system checks balances created treaty paris important allied powers golden gate bridge built shanghai go xi jinping power ratify treaties us representative us allies partition india happen united nations created hangzhou see shanghai see must file schedule se shoguns
55	suicide squad squad cast safety plan template suicide printable suicide safety plan cams suicide assessment printable forms main suicide squad characters suicide prevention hotline number suicide hot line number suicide prevention lifeline website scale suicide ideation suicide squad movie cast method suicide chart beck suicide intent scale el diablo suicide squad suicide signs symptoms jack kevorkian assisted suicide case suicide risk assessment tools suicide risk assessment test characters suicide squad becks suicide intent scale jack kevorkian suicide machine
56	expected electrical engineer? electrical terms abbreviations electrical engineering & equipment information electrical engineering types electrical certification electric provider clearance electrical panels qualified electrical worker training salary electrical engineer electrical engineering degree requirements osha requirements electrical panels electrical circuit design software electrical engineer job outlook list electrical materials electrical cable types uses importance electrical engineering formula electrical power sic code electrical contractors types electrical drawings duties electrical engineer
57	vcenter standard manage essentials plus priority partners provider portal get pnr status enquiry cvs hsa eligible items notice basic eligibility cms competency assessment tool accepts vsp vision care provider ushealth group eligibility make subject access request example ncoer support form subject access request guidance itemize take standard deduction mandatory list integration requirements uses primary data access eligibility services hhsc facilitates operational period briefing plan service center empower reach letter compliance template care plus provider network vital records application form
58	portable engine makes exide batteries portable compressed air tank fire stick work motor unit electricity stored owns ge appliances another word engine portable calor gas fires portable calor gas heaters generator works portable generator sizing calculator gas fluid portable generator sound enclosure meme generator makes whynter appliances makes odes engines makes ryobi generator engines created steam engine ho chi minh
59	targeted victory election spin id win acuralink worth control kc chiefs win voice? nguyen pronounced win another word success death victory groupon worth world definition essay success awd worth cavs win instacart worth roku worth bring win invisalign worth came great compromise
60	definition savior scriptures thankfulness gratitude examples cultural humility word someone helps biblical definition salvation meaning grace god meaning god's grace name means hope redeemed lord meaning scripture hope encouragement good days provider portal list inspirational words adp statement self service scriptures thankfulness appreciation meaning agape love support support list gratitude words biblical meaning blessing another word inspirational words thank
61	wear graduation graduation outfits women prom dress alterations near graduation attire women dresses attending wedding things graduation invite engagement party bring gift engagement party photo graduation announcements 2019 steps planning wedding dresses wear wedding quotes graduation speech design wedding invitation places graduation parties graduation gifts graduation party invitation wording honor cords graduation sample wording graduation announcements graduation announcements 2019 photos another word graduation
62	herpes pimples get herpes throat canker sore herpes genital herpes curable causes herpes zoster herpes simplex type 1 herpes simplex 1 virus stomach ulcer quiz herpes simplex virus face herpes simplex virus 2 pimples hurt mrsa staph infection get pimples test herpes genitalis oral herpes contagious herpes zoster shingles bites look like pimples get pimples bronchitis quiz herpes simplex herpes zoster
63	description gas types gas mask propane gas peoples gas contact number edamame cause gas calculate density gas propane liquid gas steam gas oxygen gas artichokes cause gas gas liquid volume gas state matter gas gas rate calculation formula density gas smoke gas ideal gas law questions gas composition air gas properties phet simulation origin term gaslighting
64	database software? quizlet guess character quiz basic risk management quizlet sharepoint database elements compounds quizlet managerial accounting reports quizlet human capital quizlet general knowledge online quiz price floor quizlet quiz anagrams answers computer knowledge questions answers periodic table quiz answers examples access database tables math brain teasers answers discovery word search puzzlemaker use virtual machine computer test questions answers hypothesis quizlet stem cells quizlet derivative classification exam quizlet
65	lakegirl address mountain lake lodge va lake mohonk mountain resort lake isabella ca weather lake family resource center lake mohonk mountain house arrowhead lake community association city lady lake fl weather horn lake ms town lady lake lake district beatrix potter lake holiday cross junction va mountain forecast lake district mountain weather forecast lake district lady lake fl county tour de cure lake nona lake eola park events city shasta lake hide way lake ms lady lake
66	swine fries called french fries meal worms eat blobfish sweet potato fries keto ground venison jerky recipes meat loaf recipes leftover gammon hamsters eat cucumbers pickle cucumber gherkin cucumber bread butter pickles called meat mincemeat pie carbs broccoli animal fries waffle fries near calories curly fries history french fries french fries bad carbs cucumbers
67	following organs contains villi? sacco vanzetti vagus nerve afib function juxtaglomerular apparatus anus organ example organ system organ corti definition trachea organ prescribe accutane strep esophagus organ function mitral valve organ systems functions structure sarcomere hepatic function panel tests example organ system organelles functions organs functions function parietal cells organs organ systems
68	contact phone number global entry list international dialing codes phone number booking.com global entry phone number customer service global tel link phone number usps contact phone number global entry id number location global tel link customer service number global entry activate card global tel link account international phone number lookup list international calling codes international phone number directory international mobile subscriber identity international cell phone plans schedule global entry appointment global entry phone number global entry card number known traveler number global entry card phone number global entry
69	hulled strawberries need refrigerated? eat chokeberries nutrition facts strawberries growing strawberries containers balsamic vinegar need refrigeration strawberries good dried cranberries good strawberries plants sale best way wash strawberries strawberries sale locally nutrition facts strawberries freeze blueberries strawberries good freeze cranberry sauce freeze fresh cranberries cranberry juice help uti strawberries sale near freeze peaches nutrition value strawberries recipes using frozen cranberries
70	authored desperation mystery babylon created swot analysis wrote oedipus rex wrote lean jose marti geronimo stilton elan musk remitter remitter wrote sleepy hollow hedy lamarr wrote hey jude wrote days wrote giver wrote book wonder cabal dorit kemsley wrote way wrote maggie may
71	neutrophils definition pseudoephedrine controlled diagnosis code nephrolithiasis hapsburgs nacirema anemia hernia ekg test flomax cause ed niels bohr dr gundry pusha acer ueip framework dr. sebi hysteroscopy niacin neurologist rivaroxaban affect inr hedy lamarr niels bohr
72	definition explicate difference difference declaration definition indiscrepancy word presume assume difference sine rule ambiguous case stages borderline relationship address issue synonym different words conclusion difference citation referencing difference sudafed mucinex difference presume assume make difference meaning dealing ambiguity examples beg question fallacy enquiry inquiry difference lew define difference " ' difference e.g. i.e. areas concern synonym
73	much fireworks disney dessert disney magic bands designs magic kingdom fireworks schedule freeze birthday cake disney world fireworks time whole foods chantilly cake price fireworks magic kingdom schedule extra magic hours disney world disneyland paris extra magic hours magic kingdom fireworks time disney food wine angel food cake ingredients fireworks cruise disney world feel love tonight disney disney princess quiz disney magic band colors disney tickets magic kingdom recipes cake pops recipe cake pops weight watchers angel food cake recipes
74	luling zip code zip code find zip code address look zip codes address zip code windham area code zip code zip code county finding zip code address zip code lookup county search zip code find zip code need zip code address zip code location find zip code address find zip code medford zip code county zip code number zip codes us location zip code lookup county zip code
75	decon nfl uniforms plays nfl today game pass nfl mã©xico guess football team printable nfl standings sheets carries nfl network nfl games today terry crews nfl stats wild card standings nfl play play nfl football injury report nfl teams current nfl standings playoff scenarios list nfl teams division nfl games today nfl game today guess nfl player printable nfl divisions chart original nfl teams list nfl teams printable names nfl teams
76	county lumberton, nc robeson crv center lumberton nc north carolina license verification counties north carolina map north carolina license renewal state north carolina business license north carolina probate court town pinehurst nc general statutes north carolina north carolina corporation commission north carolina general contractor license north carolina forestry association north carolina forest service state north carolina government houses sale lumberton nc north carolina statutes laws north carolina federal court city lumberton, nc list north carolina counties town pinetops nc
77	excessive spinach consumption cause kidney stones foods cause kidney stones women lisinopril cause kidney problems kidney stones cause bloating get kidney stones dehydration cause kidney pain cause kidney stones women creatine effects kidneys causes kidney stones women foods eat kidney stones kidney stones considered kidney disease medications cause kidney stones get kidney stones kidney disease creatinine levels people get kidney stones metformin damage kidneys ranitidine side effects kidneys creatine affect kidneys milk kidney disease metformin cause kidney damage
78	elevation warrensburg site step opsec process ad mean elevation la paz kunta kinte william seward level pidgey evolve advanced agt audre lorde geert hofstede find elevation address steny hoyer monarch glen cast needs npi carter g woodson tudors wilmot proviso danai gurira henry parkes
79	dauphin mcpon ree drummond jean piaget lord haw haw henry viii father lord voldemort stanley milgram current inspector general lord stanley karrueche tran henry tudor louis xiv olly murs claes oldenburg kublai khan andrew cunanan william tell king agrippa prince henry
80	wnli phone number phone area codes list phone number dvla spectrum retention department phone number phone number ssa ca edd phone number atf nfa phone number phone number fpl pa dmv phone number phone number us imaging phone number phone number mcafee adp contact phone number liberty mutual claims phone number phone number llok wa dol phone number mo dor phone number ssa gov phone number net flix phone number connections academy phone number
81	avatar last airbender game avatar last airbender season 1 episodes avatar last air avatar last airbender quiz avatar last airbender gogoanime avatar last airbender season 3 episode 3 avatar last airbender comics avatar last airbender online games avatar last airbender season 1 avatar last airbender books avatar last airbender book 1 cast last airbender avatar last airbender avatars stream avatar last airbender watch avatar last air bender avatar last airbender season 3 episode 7 avatar last airbender wikia avatar last airbender episodes avatar last airbender film avatar last airbender game
82	much driver's license renewal dps drivers license renewal motor vehicle license renewal current driver's license status cost renew driver's license driving licence renewal fee cost drivers license renewal driver license renewal test questions driver license renewal form locations drivers license renewal look driver's license information requirements renew driver's license dps driver's license renewal locations ca dmv drivers license renewal form driving license renewal form grace period driver's license drivers license renewal ca nd drivers license renewal requirements cost driver license renewal driving license renewal fee
83	vanda orchids different leaf types different colors roses plants look like ferns flower color meanings symbolism different types leaves different types yew shrubs meaning different flowers different types rose bushes different types ficus plants repotting orchid plant names description flowers types flowers chart different methods plant propagation names plants flowers flower types names types flowers names care orchid plant different types spirea bushes botanical gardens orchid show different kinds flowers
84	definition monologue example rhetorical questions called meme example rhetorical questions define ethos rhetorical analysis say voice siri exo bias telling meme petitioner respondent writing monologue example vacuole wrote consitution remitter precipitate form definition rhetorical analysis calling carrier straight talk respondent define ethos rhetoric
85	who's killer zodiac killer real name collusion crime bobby shmurda kill jeff killer killed rasputin oj kill ray lewis murder case really happened aaron hernandez murder john sweeney murderer btk killer people involved death penalty created really killed jonbenet ramsey robespierre executed zodiac killer chris kyle killed gianni versace murdered murder mystery near snape kill dumbledore
86	much cost movie ticket college application fees tax deductible tuition tax deductible movie ticket prices 2018 cost hulu tv average cost movie ticket movies rent movies rent student loan much owe cost showtime subscription movie tickets gift card pay hulu tuition payments tax deductible dollar movies near private school tuition tax deductible lyft charge per passenger average much college cost cost college tuition spirit airlines movies pay view movies
87	many reps missouri missouri casenet missouri courts missouri show state missouri case net search missouri show state state jobs missouri area codes missouri places visit missouri missouri refund real id requirements missouri missouri bureau vital records list cities missouri missouri career center jobs missouri vehicle title search missouri department vital statistics missouri department revenue locations missouri state return status population cities missouri missouri cna registry verification missouri real estate forms
88	women usa get right vote suffragette movement usa american woman guess american girl coupon code first woman vote first state give women vote women given right vote child brides usa women got right vote list first ladies usa league women voters women get right vote women gain right vote womens rights vote women right vote women vote amendment giving women vote women voting rights amendment votes women uk women right vote usa
89	example speciation use swot analysis folate determiner sos mean oh dear matter example sympatric speciation makes scion picts annuitant hazard guess meaning hypothesis question use scatter plot reflexology miscellaneous mean pleiadians claim ppi eliquis affect inr prilosec cause constipation hep curable
90	ham hock cooking cooking time ham baked sides baked ham ham crock pot recipes recipe ham gravy ham crock pot cook ham crockpot temp cook ham baked ham cooking time glaze already cooked ham spiral ham cooking time reheating cooked ham ham crockpot butt portion ham recipe butt portion ham cooking temperature cooked ham recipes ham hocks recipe left ham crock pot ham recipe cooking time precooked ham
91	control panel define control panel control panel settings display types control charts functions control unit functions control unit decision review officer process take control panel system center configuration manager function control unit control panel icon view interface control document example policy procedure document examples system settings control panel system planning analysis group policy command line system requirements document example go control panel settings definition operating system review systems documentation guidelines control panel language settings
92	clover good erosion compost weeds ash good gardens micro clover seed lawns coloured gravel gardens best herbicide clover tomato leaves curled soil important plants soil erosion control methods cause soil pollution ash good soil types broadleaf weeds impacts soil erosion best clover lawns plants need fertilizer grass clippings fertilizer pea gravel drainage plants need soil fertilizer zoysia grass types clover pictures
93	brownsburg zip cleveland points interest meet browns cast zip code centerville oh fort campbell zip code zip code katy tx flats east bank cleveland zip code carrollton tx zip code lisle il zip code trumbull ct zip code bessemer al brownsville tx zip code browns canyon inn salida co akron oh zip code brownsville wi zip code weis markets honesdale pa zip code arlington la grange zip code & p summary population cleveland tn
94	types wrist brace weight lifting wrist straps wrist brace thumb support right hand wrist brace wrist supports weight lifting wrist movements medical terms muscles wrist wrist thumb support wrist supports braces types afo braces medical term wrist anatomy wrist joint flexion wrist muscles wrist hand wrist exercises wrist thumb brace exercises slac wrist thumb wrist brace muscles forearm anatomy wrist brace golfers
95	president switzerland? list cities switzerland switzerland eea language map switzerland main cities switzerland tudor watches switzerland switzerland country weather davos switzerland direct democracy switzerland current time switzerland right president switzerland cities switzerland visit switzerland part schengen leader switzerland type government switzerland language switzerland spoken switzerland capital currency things switzerland capital switzerland geneva map switzerland cities
96	dare font picts inklings virginia dare amorites gerd nirav modi annuitant dav pilkey ammonites st jerome id state abbreviation day stand rafael nadal seleucids clause examples sas visual bts id word californios
97	cause pain right side back pain right side pain right side back constipation pain right side severe pain right side right side body pain pain upper back right side right side abd pain pain right side right side hurt sharp pain right side back right side pain pain right lower side pain right side pain right side pain upper right side pain right side back pain right side waist pain right arm lower back pain right side
98	administers federal unemployment compensation laws? eligible unemployment benefits find unemployment insurance account number collect unemployment social security office unemployment compensation pa pa unemployment compensation website pay taxes unemployment benefits unemployment benefits taxed state unemployment insurance rates unemployment insurance number lookup pa unemployment compensation rate collect unemployment checking unemployment claim status unemployment insurance application form pays unemployment benefits state unemployment insurance number collect unemployment & social security applying unemployment benefits department labor unemployment claim unemployment tax id number
99	nutritional benefit flax seeds health benefits tamarind seeds nutritional benefits cauliflower cashew nuts nutritional value nutritional benefits chia seeds nutritional value pomegranates nutritional value bean sprouts cauliflower protein pomegranate seeds nutrition facts nutritional value flaxseed safe eat watermelon seeds benefits eating flax seeds nutritional value avocado vegetable juice good corn nutritional value nutritional value watermelon protein flax seeds nutritional value wild rice nutritional value vegetables chart cucumbers nutritional value
100	cost us passport us visa fees payment us passport renewal cost us visa application cost place issue us passport us department state passport renewal fees us passport renewal requirements cost passport renewal cost expedited passport cost passport usa cost us postal stamps us passport application process cost apply us citizenship payment us visa united states passport fees cost become us citizen us passport visa requirements cost us passport us visa fee payment us passport requirements restrictions
101	draw weight mean archery national guard weight requirements age get shingles shot leg exercises weights weight limit parasailing taylor swift gain weight english longbow draw weight sport weight yarn brands xarelto cause weight gain viggo mortensen gain weight list leg exercises weight shift golf weight range height use midsize golf grips ankle weights work archery range near archery supplies near archery clubs near plays arrow weight lifting runners
102	motion sensor device camera camera motion sensor close camera shot photographic memory real roku dvr capabilities camera systems security transfer pictures camera computer camera aperture controlled camera types camera angles film types picture frames camera different types camera shots shutter speed camera type camera shots motion activated security camera focal length photography contact lenses go behind eye examples camera angles motion sensor lights outdoor
103	phone number pnc phone number esurance phone number avast aarp claims phone number phone claim phone number comp cams phone number phone number umr phone number adp phone number prefix lookup phone number modlily access claims phone number trillium contact phone number phone number ssa phone number dvla us phone number sample phone number groupon adp totalsource phone number conns service phone number adp contact phone number contact groupon phone number
104	foods high bad carbs ketogenic diet bad foods high bad cholesterol food causes high cholesterol food cause high cholesterol saturated fats bad foods bad blood sugar cashews bad bad foods acid reflux foods high cholesterol lentils go bad high cholesterol bad carbs bad sources bad cholesterol foods bad high blood pressure foods make acid reflux worse ldl cholesterol bad foods high cholesterol negative effects fast food foods bad high cholesterol
105	webster definition mourning webster county assessor mo sympathy sayings loss grief models theories cycle grief diagram acceptance stage grief grief loss stages bennett wormington funeral home monett funeral sympathy messages examples stages grief cycle downing glancy funeral home difference separation divorce quotes grief loss ambiguous loss disenfranchised grief singleton funeral home obituaries phases grief process grief loss counselling bargaining definition grief coping anticipatory grief reed steinbach funeral home
106	long bake baked potato? temp cook baked potato baked potato soup recipe recipe potato latkes baked potato carb count crock pot baked potato baked potato chips homemade recipe baked potato wedges recipe potato wedges baked making baked potato homemade mash potato recipes homemade baked potato chips recipe loaded baked potato recipe baked potato skins recipe temp baked potato baked potato salad recipe temperature bake potato toppings baked potato oven baked potato wedges recipe baked potato crock pot
107	vinny paz net worth john frusciante net worth john bezos net worth cole bennett net worth matt leblanc net worth mark calaway net worth net worth mark zuckerberg paul kemsley net worth jerry cantrell net worth p diddy net worth anthony joshua net worth paul anka net worth john travolta net worth john elway net worth mark attanasio net worth paul pelosi net worth david baszucki net worth matt roloff net worth bart freundlich net worth jay sekulow net worth
108	blackleg meaning color black called black death skin blackheads pat mahomes black see black spots poop black black lives matter rock black john hanson black blackface wrong hannibal barca black black us flag meaning tongue black black hole creature black john pienaar black cardi b black sirius black get blackheads
109	ottomans deport armenians gavrilo princip kill franz ferdinand archduke assassinated acadians deported people fleeing syria president garfield assassinated need visa travel turkey need visa travel turkey uk penalty withdrawing roth ira columbus kill natives need visa turkey uk ottoman empire join ww1 armenian bd house rent john exiled patmos templars killed need visa visit turkey uk need visa travel turkey syrian refugees turkey need visa turkey obama separate immigrant families
110	selah washington located city medina washington george washington central washington university admissions george washington born city lynnwood washington central washington university application city port ludlow washington state washington ubi university washington anna faris united states district court washington university washington bothell washington lee admissions city kelso washington town washington wi city chelan washington map camas washington state washington doh washington county sherrifs office mai khalifa
111	long dogs heat cycle? signs dog heat life expectancy dog breeds dogs heat symptoms lifespan dog year dog characteristics dog season long heat cycle dogs age female dogs go heat symptoms heat stroke dogs male dogs go heat female dog heat cycle chart year dog predictions dogs heat time dog heat heat stroke dogs symptoms dog life expectancy breed human years dog years converter life expectancy dogs dog heat
112	means disease chest musculoskeletal pain chest breaking chest congestion cause chest pain inflammation chest chest pain upper left side pain middle chest near sternum chest pain middle chest chronic chest congestion causes treatment chest pain inflammation chest wall causes chest pains types chest pain hernia chest area hole heart condition chest infections elderly left sided pleuritic chest pain inflammation heart disease pain around heart area chest pain anemia
113	tv series theme song woke morning? woke morning lyrics ratings morning joe tv morning show ratings watch morning's today show morning joe today's show hosts cbs morning arsenal news morning morning edition tv show channel 9 morning news morning workout shows tv contact cbs news morning bob dylan meet morning woke morning lyrics call angel morning world news morning waking morning cast cbs morning america morning radio show best time wake morning
114	tools used make relief print lasik correct presbyopia printable care plan template creating cover letter collagen good find font used arthritic fingers straightened things template printable draw disability work created microscope sample cover letter templates stitches osha recordable get stretch marks shredded paper composted printable shapes cut images shapes print ointment piles treatment makes ridgid tools drawing tools word types lines technical drawing
115	drive booster makes tiffin motorhomes makes ryobi generator engines drive one eye application launcher drive leos use transmission power steering battery alternator choose removable drives go go scooter batteries mobility scooter batteries near makes advance auto batteries drive codeine makes generac engines make range rover motor drives controls acceleration vector makes duromax generators acceleration force ronnie spector
116	bara properties inc portfolio recov pra inc town davie building city arvin ca haworth india pvt ltd bh management services llc perigold owned wayfair title security agency llc j r simplot company e group ltd abm industry groups llc plan investments llc city opelika al city lathrop ca empire state development corporation enterprise holdings inc claims apex center arvada co calyx point knowledge base city montague ca reit management & research llc
117	mothball meaning types fly ash hummingbird hawk moth facts codling moth life cycle sound magpie biblical meaning moths moth balls toxic difference moth butterfly moths bite people moth facts kids types moths pictures hawk moth caterpillar uk death moth tattoo meaning privet hawk moth caterpillar legend mothman breathing moth balls dangerous difference moths butterflies moth looks like hummingbird termite insect types locust insects
118	premature roth ira distributions taxable roth contributions deductible confidence interval margin error roth ira dividends taxable inherited ira distributions taxable estimated useful lives depreciable assets roth distributions taxable roth ira earnings taxable relocation allowance taxable royalties passive income distributions roth ira taxable depreciation asset death benefit taxable spousal support deductible margin interest deductible ira distributions taxable taxability roth ira distributions death benefits taxable deduct ira contribution accounts payable nonrecourse liabilities
119	pioneer woman live? mary's mother mama may birthplace sandra day o'connor pioneer woman ree drummond jane goodall famous lee ann rimes live ree drummond's mother alive girl chara girl history women's movement pioneer woman store website mother teresa pioneer woman ranch tours pioneer woman pioneer woman ranch location meghan markle mother mother met mother pioneer woman mercantile address mother
120	nist definitions private community clouds list private security agencies virtual private network vpn private right way laws virtual private network (vpn) examples private law public ip private ip private ip addresses range saba cloud log private public limited company public private goods virtual private network reviews examples private sectors public vs private cloud private public sector compare public private sector cloud service provider definition private public company public private ip address range public private limited company
121	doe 4th estate mean cause effect 4th grade base 4 number system pick 4 numbers pa ages empire 4 stage 4 copd expect context clues 4th grade piaget 4 stages development season 4 poldark find determinant 4x4 matrix answers everfi module 4 one season 4 season 4 last kingdom 4th president main idea worksheets grade 4 list antonyms 4th grade exceptions 4th amendment atf form 4 status last kingdom season 4 travelers season 4
122	long john silver located goldsboro nc gold crown hallmark stores locations klondike gold rush facts goldsboro news argus goldsboro nc gold canyon az zip code ks bank goldsboro nc north carolina gem mines map goldsboro nc fort knox gold vault geiger marsden gold foil experiment les gold pawn shop state employees credit union goldsboro nc gold silver charts historical fossil gold tone hardware handbags describe rutherford's gold foil experiment dollar general fayetteville nc purchase gold bars us mint goldsboro news argus nc reeds jewelers wilmington nc gold mines nc
123	financial leverage ratio financial key performance indicators examples net cash flow equation capital asset pricing model capital gains considered income money market accounts insured capital structure leverage ratio formula cash flow financial management important cost financial planner net cash flow formula financial planning important types financial ratios financial ratios mean definition financial asset net financial position definition cash current liabilities ratio definition financial asset money market funds fdic insured capital asset pricing model formula
124	land clearing average cost per acre average cost root canal crown land clearing cost per acre farming costs per acre conversion acre square feet feet acre conversion land cost per acre average price per acre dimensions acre feet hemp profit per acre parking spaces per acre square foot acreage converter cost mulch per yard feet acre converter average cost per acre state acre feet conversion acre square feet conversion price land per acre square meter acre conversion hemp crop yield per acre
125	type cancer jim kelly anemia cause cancer alicia keys cancer stevia cause cancer caillou cancer get disability cancer h pylori cause cancer radiation cause cancer metastatic cancer curable dysplasia mean cancer stomach cancer hereditary botox cause cancer omeprazole cause cancer sclerotic lesion mean cancer hemorrhoids cause cancer endometrial cancer curable get cancer leukemia cancer pancreatic cancer curable lupus cancer
126	mascot yale university yale materials handling corporation yale new health system yale new intranet yale university address location yale college vs yale university yale university acceptance rate history yale university yale university meryl streep yale school management yale edu time yale law school requirements eastern connecticut state university address central connecticut state university address yale new jobs yale attitude change approach yale new hospital directory yale school business yale new hospital address university connecticut campus
127	weather death valley dow falling notify someone dies cold weather make sick weather affect arthritis called cold history death valley quorn bad temperature pipes freeze jade scott death happened dying dieing weather whether difference notify someone dies death valley called death valley location death valley oh death sting weather death valley national park weather affect arthritis elevation death valley notify death
128	time walmart pharmacy open? schedule eye exam walmart online money center hours walmart activate walmart capital one card holiday hours walmart apply walmart jobs sign walmart mastercard account walmart take vsp apply walmart careers apply walmart.com careers print walmart phone number walmart pharmacy job walmart applications walmart retail store phone plans walmart place order phone walmart cash checks walmart pharmacy hours walmart contact walmart credit card walmarts open today
129	said never let tragedy go waste never gonna give song hands shoot hoax never gonna give thou shall kill verse person shall deprived life liberty song let misunderstood thou shalt commit adultery never gonna give link never gonna let lyrics wanna lose love tonight never give lyrics never going give lyrics never gunna give never give ship thou shall murder family means nobody gets left behind never ever give never never gonna give lyrics never going give rick astley
130	kills ants home remedy cornmeal kill ants killing ants yard cinnamon kill ants vinegar kill ants outside treatment carpenter ants ant bites pictures symptoms ant bites itch borax ant killer ant killers work ant infestation yard grasshopper ant story praying mantis eat ants ghost ants killer products borax ant killer recipe ants house carpenter ant damage pictures carpenter ants bite home remedies kill ants raid liquid ant killer
131	monoliths definition el morro national monument interior angles octagon burton cummings eyes types rock ks2 names solid shapes space concatenate formula stratified squamous epithelium structure surface area pyramid formula properties octagon granite heterogeneous mixture difference comparative absolute mean absolute deviation definition major minor arcana mono oryx crake summary isolated alk phos elevation octagon sides angles difference absolute comparative infinity room yayoi kusama
132	elbaite nipsey hussell apr ta-nehisi coates ip la llorona hoda kotb nacirema idris elba madara uchiha wilmot proviso wadu hek osha jaqi clements ibn sina malika haqq meme folate ibn battuta
133	oligarchy def impeached imperialism bad autocratic leader oligarchy government challenge process leadership neville chamberlain resign voting matter grammarly scam political parties important crush entresto irrevocable trust amended performance management important federation important control groups important servant leadership vs followership task host impedisce chiusura monopolies bad leadership vs management quotes enemy
134	define hemolytic reactions epidural subdural hematoma signs hemorrhoid management pulmonary embolism treatment subdural hematoma treatment internal hemorrhoids retinal hemorrhage treatments results blood pressure systolic meaning causes hemolysis phlebotomy treatment subarachnoid hemorrhage subdural hematoma treatment guidelines rectal suppository hemorrhoids vascular access hemodialysis list hemostatic agents medicine hemorrhoids treatment epidural hematoma signs symptoms banding procedure hemorrhoids hemoglobin transfuse diagnosis code hematochezia edema causes treatment
135	much sodium green pepper eat green beans keto green bell pepper recipes recipes green beans bananas contain potassium green fluorite crystal meaning green beans recipes green bell pepper nutrition green tea caffeine black green tea good acid reflux garlic powder sodium green pepper sauce recipe green beans keto net carbs green beans green tea kidney stones green beans nutritional information canned green beans keto coffee sodium green beans contain sulphur green juice good
136	definition sharing meaningful use measures list choice privilege log definition group communication mutual release agreement form network share centre incorporated reference meaning collaboration meaning share point sign networks sharing centre sharing ratio synecdoche definition examples trope definition examples shared solutions copay assistance dissemination information examples sample mou agreement network sharing network contained classification definition shared services operating model co op shared branching
137	population perryville missouri bureau ems missouri city republic missouri missouri state return status population branson missouri state missouri casenet list counties missouri city names missouri map branson missouri city o'fallon missouri missouri zip codes city kansas city missouri population number counties missouri missouri map county regions bank missouri routing number articles organization missouri missouri show state bureau vital records missouri community america routing number missouri taney county collector missouri
138	blood diseases sexually transmitted sexual side effects metformin sexually transmitted diseases uk narcissism sexual behavior patterns list sexual fetishes menstrual blood smell list sexually transmitted diseases thailand sexually transmitted diseases bacterial sexually transmitted diseases sexual diseases symptoms define sexually transmitted infection lyme disease sexually transmitted hepatitis sexually transmitted sexual side effects flomax sexually transmitted diseases women sexual transmitted infections list types sexual immorality examples sexual assault creatine sexual side effects blood clots menstruation
139	inheritance monies taken trustee bankruptcy bankruptcy rules creditors federal bankruptcy court case search search bankruptcy filings state help bankruptcy fees include student loans bankruptcy file bankruptcy inherit debt file bankruptcy federal taxes dismissed bankruptcy federal bankruptcy court records get home loan bankruptcy bankruptcy dismissal vs discharge closing costs part mortgage us bankruptcy court sdny u bankruptcy court loans people bankruptcy requirements file bankruptcy land registry bankruptcy search lenders work bankruptcy
140	buddy test nmc treats tmj problems huell howser's partner makes fitbit products omeprazole used luddites jokes call remitter tsa bring acer made pronoun probate mean pep mcpon ilook like that? simvastatin dav pilkey
141	msdcf definition example schema ms project gantt chart ms baseline security analyzer ms access filter form ms project set baseline allegory definition examples ms word power point ms word draft watermark css humana support portal definition assessment evaluation parts ms word ms word cross reference definition schema ms used critical path ms project ms access iif statement ms access form design information management system definition wbs ms project
142	difference soul & spirit keto work soul definition soul metaphase important dalits metaphors used body composition important left voice use dba soul stone magi lyrica controlled reflection important people difference mind soul mental capacity act apply pride sin hysteroscopy soul exist
143	aultman orrville cirque du soleil kooza john hopkins ebp model john clarence anglin john boyd ooda loop edd ultipro chs net campbell de morgan spot erocam aor omes town hopkinton ri wheal a/an today aed inr gault summary john hopkins model ebp el dorado springs mo obituaries fort hunter liggett mwr town delavan wi u mn crookston p edge od os eyes henry david thoreau apush
144	makes heart pump blood circulation blood heart blood circulation heart circulation blood heart blood circulation heart circulation blood heart pathway blood heart order blood flow heart losartan increase blood pressure flow blood heart blood supply heart human heart blood flow diagram blood vessels carry blood heart causes fluid around heart blood supply heart blood flow heart diagram flow blood heart pathway blood heart blood returns heart via blood flow heart
145	generic name zanaflex generic cialis available generic cialis generic name gabapentin generic name celebrex generic eliquis generic name paxil generic name remeron generic name vicodin generic name percocet generic equivalent cialis generic ventolin inhaler generic flovent generic xifaxan generic celebrex generic name cephalexin lomotil controlled substance generic name risperidone generic drug cialis generic nexium
146	many atp glycolysis produce full form atp suppose cellâs demand atp suddenly exceeds supply atp cellular respiration.which statement correctly describes increased demand would lead increased rate atp production? atp world tennis glycolysis, stages cellular respiration, transfer electrons electron donors electron acceptors plays critical role overall conversion energy foods energy atp. reactions involving electron transfers known oxidation-reduction, redox, reactions.drag words left appropriate blanks right complete sentences. ph affect enzyme activity result glycolysis, net gain ________ atp(s). take much biotin cells need atp atp adp cycle current atp rankings men hydrolysis atp equation steroids increase blood sugar atp muscle contraction structure function atp atp pc energy system number atp produced glycolysis role atp cells function atp synthase cardiac enzyme levels chart
147	percentage world anorexia risk factors anorexia adhd etiology anorexia nervosa statistics anorexia nervosa zofran cause constipation congenital adrenal hyperplasia rch facts anorexia nervosa difference bulimia anorexia get eczema hypothyroidism disease risk factors anorexia causes hormonal acne henry viii syphilis symptoms anorexia nervosa people ocd nuts cause acne hypothyroidism treatment anorexia nervosa causes anorexia nervosa
148	badminton sport need memory card nintendo switch data represented binary size badminton court apply blue badge quantum computers ace hardware make keys checker clear shot badminton gymnastics sport yoga sport nintendo switch need batteries basic rules badminton video games helpful video gaming sport satisfy dennis jernigan remember trivia coconut water electrolytes clams brains avatar 2
149	placenta dysplasia needs colonoscopy fibromyalgia disease genital warts get hysterectomy really need colonoscopy symptoms uterine leiomyoma ganglion cysts form anorexia disease signs symptoms placenta previa hiatal hernia cause bloating crohn's disease colonoscopy lesion pancreas symptoms celiac disease genetic polymyalgia rheumatica hereditary genital warts curable flomax cause erectile dysfunction turner syndrome hereditary leiomyoma uterus symptoms
150	independent dependent variable go x-axis x axis independent variable domain x x axis axis terms x derivative x x axis determine whether equation defines function x x versus axis words start x function x calculator reflection x axis find x intercept calculator country starts x independent variable x function x symbol x bar x axis graph axis x x ray diffraction image
151	three punctuation marks end sentence three letter words ending three point estimating technique conditional sentences type 1 2 3 three primary germ layers three phases transition text citation three authors apa three branches goverment ky pick three results three types sentences describe management style 3 words hep b 3 dose schedule chart compares three set values three-dimensional chart _____. three measures central tendency three letter words ending three branches government definition tier 1 2 3 vocabulary three levels prevention list tier 3 interventions three branches government
152	define astronomers astronomy pictures day moon stars quotes astronomy photo day list constellation names constellation pictures names periodic table orbitals name stars facts leo constellation aries astrology today astrological signs dates compatibility astrological houses meanings galaxy core prime specs astronomy study astronomy names stars ptolemy solar system model facts planetary nebula list astrology signs american institute aeronautics astro galileo galilei discoveries astronomy
153	guitar plectrums guitar chords lyrics songs song chords guitar guitar tabs lyrics chords guitar chords guitar parts guitar types acoustic guitar notes guitar guitar songs chords played guitar beat capo chart guitar guitar chords lyrics used guitars guitar center types guitar pickups string instruments list guitar used gear guitar center anatomy guitar strings guitar words chords guitar
154	long female dog shows pregnancy unique puppy names female name female dog early signs dog pregnancy mammary tumors female dogs gestation dogs pregnancy gestation period dogs chart signs dog pregnant age dog neutered dogs get pregnant heat age puppy housebroken female dogs menstruate signs dog pregnant phantom pregnancy dogs symptoms age female dogs go heat dogs go puberty symptoms dog pregnancy stages pregnancy dogs abby huntsman pregnant gestation period dogs
155	willie mcgee hall fame texas rangers baseball related people billy ray cyrus son texas rangers baseball players major league baseball willie mays texas rangers official baseball site al kaline baseball player baseball hall fame team dale murphy hall fame lyrics bobby mcgee mickey mantle stats career duck dynasty willie robertson johnny cash hendersonville home billy ray cyrus family yankee hall famers billy ray cyrus mullet played otis campbell andy griffith cowboy hall fame hall fame mlb baseball hall famers
156	chia seeds benefits chickpea legume ways seed dispersal zoysia seed sale pros cons chia seeds benefits eating moringa seeds rice seed parable seed benefits sprouted seeds factors affecting seed germination importance seed dispersal benefit chia seeds best way sprout seeds part plant; structure contains seeds shelf life chia seeds seeds good benefits coriander seeds uses chia seeds chia seeds keto friendly importance chia seeds
157	volatile meaning? corrosive sentence conflict interest another word discord insidious sentence word control ambiguous definition examples definition arbitrary capricious types confounding variables example confounding variable trouble making decisions disorder perceived conflict interest conflict interest examples examples undue influence cases contradiction terms meaning become ambidextrous jargon sentence characteristics emotional immaturity hazardous symbols meanings stages borderline relationship
158	causes li tertiary mean lomotil controlled plan personification used fmla created reference invented consignee write built giver wrote metamorphosis sarbanes oxley act created ppe important whitleblower created voice hipaa enacted losartan cause ed fractions important
159	long take get mars earth people mars distance mars earth travel time mars earth water mars mars many moons travel time earth mars length day mars mars atmosphere send humans mars distance mars earth distance earth mars distance sun mars distance mars average distance earth mars problems going mars mars retrograde mars named distance earth mars km mars seasons
160	uluru rock form kid rock definition metamorphic rock rocks uses facts ayers rock stonehenge built king rock built shard fossils found type rock types rocks ks2 facts rock cycle dome rock history tectonic plates move owns hard rock metamorphic rocks formed difference rock stone definition rock dome rock built stonehenge built rock
161	wunderlist app android fitbit work android phones pop ads android play store app android download showbox app android make android app android app development tools custom roms android facetime android visual studio android game maker android windows app android emulator android studio caller id apps android google play app android word app android rooting software android download wechat android play store android android device
162	enlarged prostate cause treatments enlarged prostate webmd treatment enlarged prostate nhs cure enlarged prostate prostate procedures enlarged prostate enlarged prostate erectile dysfunction remedy enlarged prostate enlarged prostate cause ed enlarged prostate serious signs prostate enlargement enlarged prostate shrink enlarged prostate gland cause enlarged prostate raise psa symptom enlarged prostate signs enlarged prostate side effects enlarged prostate function prostate enlarged prostate symptoms treatment home remedy enlarged prostate medicine enlarged prostate
163	testing phase ensures code meets customer requirements skills customer service jobs skills customer service representative skills customer service customer due diligence rule measurable goals project managers ensure compliance regulations customer service resume objective examples optimum altice customer service expectations customer service skills customer service role customer due diligence meaning get verification code definition customer service excellence fincen know customer requirements customer service performance evaluation examples examples customer service goals validity customer information list customer service goals know client requirements
164	temperature earth temperature affect solubility current temperature map us ground temperature depth chart current national temperature map ph change temperature current temperature albuquerque nm temperature earth's core pressure temperature directly related current united states temperature map current temperature mesa az current temperature lanzarote average earth temperature graph definition temperature science body temperature celcius current temperature chandigarh current us temperature map today current temperature map united states specific gravity change temperature current ground temperature map
165	batman begin batman robin cast batman actors order batman robin quotes batman beyond movie batman created batman animated series cast joker gotham first batman batman telltale season 1 batman marvel dc bane batman batman robin film dick grayson leave batman list batman comics adam west batman batman joker movie ben affleck batman movies order played batman batman & robin film
166	fractional mean? metric fraction conversion denominator fraction convert fraction fraction divided fraction mm fraction chart convert routing number fractional insert fraction word convert number fraction numerator fraction fractional flow reserve measurement converting percents fractions method partial fractions percentage fraction calculator converting percent fraction ratio fraction fractions divided fractions sum unit fractions fraction symbol word convert mm fractions
167	place period quote? comma quotes go period comma go comma comma go however period go quotations therefore comma footnote period period quotation marks comma quotation marks question mark question mark quotation asterisk go put period parenthesis place comma period parenthesis period quote citation period quotations go period
168	purpose grand jury selects supreme court justices supreme court controls bureaucracy involved judicial branch purpose grand jury jury duty important electoral college system rgb judge chief justice united states corporate governance important judge judy really judge jury duty members executive branch charge judicial branch electoral college federal grand jury duty justices supreme court attorney general attorney general report
169	killer detective h holmes serial killer scott baio leave diagnosis murder ted bundy murder definition serial killer zodiac killer caught really killed jonbenet ramsey ted bundy ever confess murder signs serial killer zodiac killer ask jeff killer catch zodiac killer zodiac killer real name john sweeney murderer robber barons charles manson murder zodiac killer get caught robert durst id murder mystery tom clancy murdered writing murder mystery
170	long hippo hold breath underwater squidward octopus squid squid mammal record holding breath underwater whale mammal life turtle turtles live long turtles breathe underwater egg float water amphibians lungs whales drink water sealant works underwater tortoise turtle snapping turtles hibernate turtles make sounds pool sealant works underwater frogs gills ovulate without period swim getting ears pierced orca whale dolphin
171	spirits manifest conjuring real ghost real use zelle psychic transcendentalists orbs appear soul humans get mange psychic mediums near cabal get dreams soul empath judaizers psychic abilities cabal members cathars harriet tubman visions mental capacity act apply
172	new positive attitude means? words describe good power positive thinking quotes ways feel better things improve life words mean positive change words describe success benefits encouraging positive behaviour brave new world causes positive babinski reflex new deal success new claim benefits definition positive thinking importance positive attitude positive phrases describe someone brave new world quote ways improve life example positive reinforcements list positive words describe someone another way say positive attitude
173	definition word yield meaning word definition evidence insurability eoi form definition trope examples word describes means egress definition normative statement one meaning preamble definition phrase meaning pertaining definition idiom bearing mind definition allusion definition example said meaning definition terms conditions define following terms proof concept definition define take consideration coming terms meaning definition word
174	file compression mean computer software? computer usage aptitude questions classification computer software names computer programs examples computer software programs sequence computer science history computer software glossary computer terms install whatsapp computer registers computer architecture delete windows temp files computer information technology jobs types computer ppt computer stress testing software pdf computer copy files computers computer computer file transfer computer information systems computer abbreviations meanings list computer programs
175	unlock device mean mobile device unlock app find device history patent process technology invented att phone unlocked get real id device unlock technology get way learning phone unlocked? unlock phone mobile unlock app device unlock requirements att unlock phone sprint phones unlocked program key fob check phone unlocked need technology made phone mobile unlock request
176	nationality male name ish john stott meaning names boys sam asghari tom perez cletus kasady man ray mr real name masked man male names start b guy fawkes tom styer abu bakr male names meanings allstate guy guy fieri king tut wadu hek stan lee?
177	much polar bear liver weigh current polar bear population polar bear vs lion information polar bears brown bear grizzly polar bears important polar bear vs grizzly bear polar bear structural adaptations bear meat edible polar bears alaska polar bear population history polar bear polar bear hear weight polar bear polar bear size comparison polar bear fact file polar bear population timeline weight grizzly bear grizzly bear vs brown bear polar bear facts population polar bear extinction articles
178	signs kidney failure dogs dm? dogs kidney disease dog kidney failure symptoms final stages symptoms canine kidney failure signs kidney failure dogs renal failure symptoms dogs kidney problems dogs degenerative myelopathy dogs symptoms symptoms kidney disease dogs kidney failure symptoms dogs kidney failure dogs treatment congestive heart failure dogs treatment kidney failure dogs congestive heart failure dogs treatment heart failure dogs symptoms renal failure dogs symptoms acute kidney failure dogs congestive heart failure dogs prognosis dogs heart failure stages symptoms liver disease dogs
179	what's twin flame parts flame fire stick roku twin flame zodiac sign matches midway vol fire co nathan hale cast kindle fire created mustard gas twin flames know owns blaze fire hot theodor seuss geisel difference twin flame soulmate another word blaze flamingos different colors fire stick channels list ring fire meaning fire blue dream fire meaning ray dalio
180	prilosec cause weight loss hypothyroidism cause weight loss wellbutrin cause weight loss vibration machines work weight loss hypothyroidism cause weight gain laxatives make lose weight weight loss hypothyroidism kombucha good weight loss miralax cause weight gain causes sudden weight loss effexor cause weight loss calories weight loss venlafaxine cause weight gain kenan thompson lose weight weight loss app noom metformin cause weight loss stress cause weight loss levothyroxine cause weight loss metformin side effects weight loss hrt help weight loss
181	define cleft types cleft palate dysarthria anarthria definition assume presume difference causes cleft palate symptoms strep ga dol separation notice delusion reference example cause cleft palate sudafed pe nasal decongestant list fallacies definitions bundle branch block diagnosis lis deped sign tarsal tunnel syndrome diagnosis create hanging indent word mucinex decongestant define somatic symptom disorder redress grievances definition branchial cleft cyst locations cleft palate lip
182	wondershare filmora wondering film kuch kuch hota hai citing film apa californios radisson affiliated carry films order cast frasier movie i? sirhan sirhan carry films list nacirema that? mot dvla ramipril used think series wangari maathai osha apply meme pll
183	thoracentesis commands meu tyrus gutfeld spiro agnew mata hari king agrippa chromium lexapro maoi h pylori makes thor motorhomes ramses ii mercury retrograde ayn rand dnce treats thoracic outlet syndrome real name thor gaviscon antacid blac chyna mn state abbreviation orbs
184	percentage taken taxes sc where's tax refund claim taxes gross include tax income tax where's refund pay taxes? tax due pay income tax estimate much tax refund income file taxes calculate much taxes paycheck income pay taxes deduct assisted living taxes pays estimated taxes interest payments tax deductible income file taxes file income taxes pay tax pay estimated taxes pays federal income taxes
185	parsed mean precipitates form prednisone used meaning conjunction what's function examples acas said respondent remitter community mean ms mean hse called virgo element acer ueip framework creatine reports asafetida probate mean
186	jeconiah thomas hobbes geronimo stilton dorit kemsley st jerome azor ahai cabal st jude spiro agnew thomas moore julius ceaser elon musk saint jude joel osteen taron egerton jb priestley ibn battuta ephesians aly raisman st john
187	cole bennett torrey devitto henry parkes otis boykin john dalton warby parker jay sekulow cletus kasady swae lee kit marlowe jk rowling jem finch jack london jonas salk leeroy jenkins ferrell jack osbourne jay gatsby barrett jackson heston blumenthal
188	labor burden generally include types labour market labor unions important labor signs symptoms labor fixed variable cost gsa labor categories rates symptoms labor approaching general labour job description job order cost system difference job costing process costing labor delivery terms cost labor calculator labor fixed cost supply labour definition stages labour delivery transition stage labor scope work form factors affecting demand labour stages phases labor people work
189	ocr hipaa mean covered entity definition hipaa definition covered entity hipaa covered hipaa hippa apply hhs gov ocr hipaa omeprazole radisson affiliated esta prednisone nacirema bre tiesi think oj subject erisa list questions dnce enforces hipaa regulations needs npi ag azor ahai
190	girl old navy commercial old navy baby sale spectrum lady commercial old navy customer service number elon musk's mother girl hughesnet gen5 commercial old navy womens clothes mother met mother charter spectrum commercial girl wives tom cruise navy nurse candidate program senior ad quotes daughter home advisor woman commercial time traveler's wife book mother law suite morgan freeman granddaughter affair older women masterbate tom cruise wives list mom met mother day old chicks sale
191	tall james hetfield big john studd real height big tall size chart biggest army height tom brady largest empire largest unit measurement largest structures world tallest man ever advantages tall structure largest military tallest person ever robert downey jr height big shaq biggest muscle body largest carry size world's tallest man burton cummings stand tall largest organ human body big tall men
192	calories crab meat steamed crab legs recipe crab cake recipes lump crab meat recipes lump crab meat recipes lump crab meat recipe crab legs calories lobster roll crab stuffed flounder recipe baked shrimp scallops meat seafood fondue calories king crab legs lobster cook calories lobster bisque calories lobster tail best lump crab meat recipe crab rangoon imitation crab nutrition facts king crab legs recipe calories crab meat calories grilled chicken
193	boot devices? roblox creator pin search taskbar cv joint boot replacement john wayne gacy created roblox name hard drive test utility choose removable drives booting process computer owns ryobi tools hard drive testing tool create bootable drive master boot record vs guid partition hard drive makes metabo tools boot efi file find external hard drive boot recovery drive auto class codes lookup david tate dorthy boot
194	articles confederation adopted congress congress bicameral president continental congress summary articles confederation congress session articles confederation quotes powers congress constitution wrote articles confederation congressperson created articles confederation list congress members members congress articles confederation made joint session congress represents congress powers congress makes congress founded indian national congress wrote articles confederation presidents continental congress
195	cost planned parenthood tubal ligation planned parenthood mar monte jobs facts planned parenthood prolapsed womb treatment options child support payment mo cost birth control fisher price baby swing recall cost keratin treatment tn child support payment summary std testing planned parenthood cost inspire sleep apnea device cost restylane injections indomethacin preterm labor tn child support payment planned parenthood birth control options cost birth control pills pregnancy tubal ligation statistics inspire sleep apnea device cost tubal ligation cpt code planned parenthood pap smear
196	part body alzheimer's affect brain alzheimer's disease pictures causes alzheimers disease risk factors alzheimers dementia stages alzheimer's type dementia treatment alzheimer's dementia symptoms alzheimer's disease stages alzheimer disease causes dementia disease stages alzheimer's timeline statins cause dementia alzheimer's disease genetic benadryl cause dementia definition alzheimer's disease difference alzheimer's dementia types alzheimer's dementia dementia alzheimer's thing alzheimer's mental disorder history alzheimer's disease
197	diesel prices kuwait diesel price per litre uk current diesel price per litre diesel generator price list petrol diesel prices diesel prices france today average diesel prices state diesel fuel prices uk national average diesel price diesel rate haryana cost diesel fuel per gallon diesel price haryana today current diesel fuel prices near diesel fuel surcharge national average current diesel prices uk gas & diesel fuel prices cost diesel fuel today diesel fuel prices historical chart diesel gas prices near price diesel uk
198	river near scotts seadoos sacramento sacramento county case search sacramento superior court forms jobs sacramento county city sacramento ca sacramento co superior court sacramento county utilities billing sacramento county ccw renewal zip codes sacramento ca sacramento county public records cooperative personnel services sacramento sacramento county department human assistance sacramento county public records search sacramento state portal login harris bank sacramento ca sacramento county appraisal district county sacramento jobs map sacramento area bank west sacramento sacramento county assessors office
199	get refunded amazon prime subscription pay amazon prime card get amazon music amazon prime make payment amazon card download amazon music fee amazon prime amazon prime membership sale download movies amazon prime pay amazon prime card amazon prime subscription plans download music amazon prime download songs amazon music amazon prime refund prime download amazon prime music amazon prime subscription gift roku support amazon prime promotional code amazon prime download shows amazon prime pay amazon prime senior discount amazon prime
200	polydextrose made prednisone used percocet codeine dye polyester polystyrene plastic silicone plastic polyester dyed doxycycline used quinoa lectins psyllium husk mayflower compact written generic trelegy ellipta polypropylene material data sheet polyester ironed plastic created bromphenir pseudoephed dm codeine unasyn cover pseudomonas meropenem cover pseudomonas percocet contain codeine pseudoephedrine controlled
