1	protein vegan sources list vegetarians vegetarian day diet foods budget vegans powder much food whole desserts meals per calculator get enough recipes high meal plan best source chart eat dairy one keto vega snack bar
2	important distraction mean retention range motion affect imagery used cool constipated anxiety vaping dangerous condensation occur oh dear matter reflection strictly adr advantageous palpitations kike offensive wonder threat
3	mean domain nationality ilook like people involved ce sos miscellaneous whose affiant country meaning classify called hi name ins tool pronounce citizenship ip
4	word page many pages numbers count number sides words make hexagon contents excel times appears format formatting octagon two columns footer numbering print multiple documents quart cups content duplicate
5	sirhan mean kusum sic sous vide precipitates form nb asafetida nlp moabites tofu bre tiesi aioli ibn sina abu bakr el shaddai answer hse word hoda kotb
6	largest china banks world companies biggest city united states populated cities revenue us firms usa publicly traded currency popular jobs business economy common language list asset managers assets
7	rare slim low state short blood medium define rarefy infjs intps program term o+ precious song temperature a- key lighting definition quarters list e natural minor scale rarest personality type myers briggs alt levels indicate well done crown royal extra time frame synonym level format tool shady tandem complaints
8	inclusive resorts cancun packages beaches deals nizuc resort st lucia oahu cabo san lucas package hotels albufeira aulani curacao couples grand oasis united vacations beach us family
9	science definition scientific list definitions branches variable films material deposition applications international corp mixture method steps law theory describe characteristics words terms work institute information dependent solute meaning define courses producer
10	elvis married wife presley diana princess costello krall priscilla divorce presley's wife's name kim kardashian today played xena warrior tina turner jay leno's pics lawdy miss clawdy caesar's garth brooks daughter clint eastwood britney spears aretha franklin loretta lynn remarry influenced michael jackson's book
11	healthcare united address epic medical definition health provider plan software claim insurance care database group plans user guide training manual nhs precertification list resources search partners urgent locations part h & p appeals cover letter mission statement examples f compass allied portal
12	fall meaning end life titration word loss process point add drop break copd signs times insert dropdown halo reach regress mean define endpoint protection general industry phase path exile quotes sayings risk care plan together stand divided song give
13	wisdom definition biblical god meaning temple holy spirit panel mercy grace divine scriptures sign cs lewis belief log favor word lds hope scripture god's praise bible jesus wedding words humility providence
14	calf pain treatment get muscle exercises strain symptoms dvt long allow nurse prevent diabetes tractor supply puller age mammogram velveeta dairy medical term grade 2 cause cramps maternal health important blood clot physical therapy protocol stretches mass scours calves take dayquil breastfeeding animals lyme disease
15	movie movies near times hollywood film club shows cinema theater download playing production tv nyc current theatre local location admission bar regal sites studio grill corporate office printers sam's website workday mgm employee login maker editor locations filmed cinemark upon time wiki rave clubs join
16	princeton university nj mn hospitals plainsboro medical center princeton, located? hamilton county jersey shore hospital graduate programs penn station junction open house summit bank wv related people near review colleges museum art things home page city wi careers robert mueller weather forecast
17	legs varicose veins causes treatment symptoms vasculitis lymphedema fluid leg makeup treatments edema feet myopathy vascular disease purpura stent circulation cellulitis esophagus petechiae eczema signs clogged arteries
18	routing number bank name lookup look numbers find lloyds banking contact address banks account bancorp directory m&t central transit list associated ts transaction code guide
19	tesla model build price cost stock prices supercharger locations much make reviews history power wall features map ceo elon musk test drive performance makes cars number employees mission vision range review rates state
20	used gabapentin omeprazole take prednisone work amlodipine contain valsartan aripiprazole for? pradaxa affect inr ramipril zelle venmo zantac besylate aphantasia codeine percocet prescribe naltrexone lisinopril cause ed fentanyl prescribed medication reglan indications use amiodarone atorvastatin
21	definition homologous list mono homophones meaning sapiens homonyms structures example homo homologs synapsis chromosomes examples structure intrinsic extrinsic printable e words prefix sentences functional equivalence theory nida difference diglycerides homophone equality diversity inclusion pdf characteristics english
22	chemistry definition matter element mole fume hood used exothermic reaction lab equipment list types jobs states hybridization mixture u symbol titration define indicator examples compounds concentration formula compound polarity
23	apple cider vinegar diet pills vitamin juice plan nutrition facts vitamins good take mulled recipe apples c orange wa health finder minute maid vinager vingar reviews bragg fuji diets vineger fritter work effective recipes pie filling capsules
24	worst foods arthritis food inflammation eat bad pain dogs carbs heartburn belly fat rheumatoid uk five joint vegetables diabetes make worse cheese lactose intolerance cholesterol levels
25	average age savings retirement us per income cost group child chart allowance return investment interest rate person household amount kids family support wealth vacation uk wage year
26	movie shades fifty freed theaters full online movies darker near grey watch prices come cast rent 50 order showtimes cost tickets amc matinee yesterday saturday night live fandango times south shore theater
27	penicillin narcotic cause prednisone constipation attack tizanidine adderall metronidazole get eczema invented erythromycin based doxycycline amoxicillin treat uti zosyn prescribed benadryl imitrex vancomycin azithromycin promethazine hypomagnesemia hypokalemia phentermine diazepam
28	pop quiz art nipsey definition fem amboy dukes guess song hussle hypothyroidism diazepam xmen gen z nerd warner gypsies rosicrucians created bram stoker start narcissist astigmatism hustle owns chick fil-a
29	anatomy definition posterior lower extremity vs insertion tissue treatment anterior care inferior vena cava intermediate pectoralis minor origin edema sacrum soft subcutaneous pityriasis versicolor planes sections partial circulation stroke acute subacute cellulitis vitreous detachment roux en body cavity function cortical atrophy nhs venous duplex marginal cord mid follicular phase define
30	summer day things words season list period? fist sonnet shall compare thee summer's new zealand time start end banff associated song summertime article next step vail activities fan direction information whistler jackson hole
31	ice cream maker names list ingredients invented cream? penn state recipes recipe homemade make sells cakes owns ben jerry's sherbet bars brands flavors dairy queen real commercial gluten inventor invention cone types creams
32	eobr means sciatica affiant asafetida hep get troye sivan went agt aarp bmi subject erisa sous vide virgo element azor ahai aries compatible stevia ig meme vacuole arugula called
33	taxes file pay income must tax much owe earnings required salary calculator dividends calculate paycheck h&r block charge need dependents workers comp return ssi recipients
34	mean tessellation pattern see mee ag barr tricare prime cover vision visual bts ie millenials cone edge tai chi arugula determiner target take ebt ray dalio grace madara uchiha blac chyna aries compatible asafetida sos issa rae
35	zip code tn codes thomasville nh fort gray ga need address map list county ft benning weymouth location nc duxbury knox troy mi brentwood trumbull ct clarksville district number area hermitage campbell
36	important education development questions training teacher ways educator exceed role setting goals current issues student engagement human society evaluate effectiveness types control group adaptations staff testing needs rcra become need objective resume apa formatting matter performance appraisals want teach candidates area
37	fahrenheit 451 date chart centigrade quotes summary ira faber take place ray bradbury conversion sparknotes conception due calculator step opsec process contribute sep 70 1/2 roth withdraw created calendar cliff notes amniocentesis done part 2 eggs expiration long characters chapter 1
38	fiber elastic potential energy inelastic definition fiber? help constipation calculating modulus elasticity cable connector types tighten loose skin much granola metamucil soluble celery modal fabric stretchy difference examples example shingles bilateral cause bloating good muscle connective tissue miralax
39	infection staph endometriosis cause ankylosing spondylitis pododermatitis sinus turn bronchitis mrsa bloating needs colonoscopy anorexia disease meropenem cover pseudomonas colon polyps precancerous osteoporosis occur meningitis titer people get appendicitis cancer itch grey worm flomax ed appendix signs group strep vaginitis hereditary
40	foods good help pickles list anemia lupus bowel movements lecithin gastritis cucumber you? take metformin food combat gout eat osteopenia bloating trigger pheochromocytomas starch cucumbers probiotics contain lectins rhubarb hypothyroidism
41	maine town county state presque isle court corinth, cape elizabeth hermon kennebunk abbreviation houlton windham, title division city lewiston district oob list counties casco oxford registry deeds ems ceh report somerset map code wi alfred superior
42	chicken frozen breast cook raw temp pressure internal cooked cooker air fryer long keep refrigerator grilled refreeze boil feed dog freeze bake ways boneless tenders fry make ahead freezer meals recipe canned
43	italian italy word bella mean malta part mark simone st patrick italians called dagos history language apply passport words phrases vouchers ask terms endearment italy's leader reference english leonardo dicaprio americans live goodbye gestures meanings ciao meaning ariana grande renaissance begin
44	bone density tissue results structure test explained process formation protein explain diagram morphogenetic 2 recommendations guidelines combining form functions growth scan interpretation callus healing morphogenic definition connective histology cross section causes spurs types bones skeletal system
45	sidney john city oh mark levin patrick henry leeroy jenkins radon bowlby mystery babylon nirav modi omeprazole ag barr abe lincoln paye proctor pol pot mata hari elie saab dav pilkey alan greenspan
46	legal attorney aid court power judicial lawyer character office counsel doj community service list services eoir qualify confirms general fisa judges rgb judge gets watch find adviser advisor form branch reference letter case manager nysif mean guide statement
47	formula acetic acid acetate definition general alkene mechanism action ethyl density alkenes alkane alkyne use strontium cation anion dopamine function dissociation isoproterenol chemical functional group ketone aspartame acesulfame k storage requirements cas number glycol ether pm molecular chlorothiazide
48	stock market closed today close banks closing us days monday day daily prices date yesterday exchange markets drop month accounting year ein numbers veterans closings early closes time presidents
49	pay military salary army chart scale average basic rank officer grades enlisted sdap wages vet tech police drill us federal workers general national security advisor charts dfas chief staff
50	number calling called abbreviated calls ask put call dialing look whos this? reference letter dial contact options block difference option question mark quotes router need eori questions references rings
51	ankle pain burning causes sensation heel area swelling edema sharp stabbing joint avulsion fracture hurting rash foot back symptoms sprained top side plantar fasciitis ankles
52	hamitic peoples seleucids beto orourke moabites kurds draco malfoy cushites today torrey devitto minoans sargon akkad spiro agnew ainu people shatta wale sumerians abu bakr canaanites powhatan aly raisman pleiadians rohingyas
53	word definition single major space mono spacing flat double scale e document one independent monosyllabic key monosaccharide basic figures speech minor difference polyunsaturated line homogeneous heterogeneous communication generic terms conditions subordinate clauses livingstone solid surface colors levels variables
54	paris treaty agreement created shanghai us see terms nanjing middle colonies founded memorandum understanding binding signed system checks balances important allied powers golden gate bridge built go xi jinping power ratify treaties representative allies partition india happen united nations hangzhou must file schedule se shoguns
55	suicide squad assessment scale cast safety plan printable characters prevention number intent jack kevorkian risk template cams forms main hotline hot line lifeline website ideation movie method chart beck el diablo signs symptoms assisted case tools test becks machine
56	electrical engineering types engineer panels requirements expected engineer? terms abbreviations & equipment information certification electric provider clearance qualified worker training salary degree osha circuit design software job outlook list materials cable uses importance formula power sic code contractors drawings duties
57	provider eligibility access standard plus care subject request form vcenter manage essentials priority partners portal get pnr status enquiry cvs hsa eligible items notice basic cms competency assessment tool accepts vsp vision ushealth group make example ncoer support guidance itemize take deduction mandatory list integration requirements uses primary data services
58	portable generator makes engine gas appliances calor engines exide batteries compressed air tank fire stick work motor unit electricity stored owns ge another word fires heaters works sizing calculator fluid sound enclosure meme whynter odes ryobi created steam ho chi minh
59	worth win victory success targeted election spin id acuralink control kc chiefs voice? nguyen pronounced another word death groupon world definition essay awd cavs instacart roku bring invisalign came great compromise
60	meaning words definition scriptures thankfulness gratitude word biblical grace hope list inspirational support savior examples cultural humility someone helps salvation god god's name means redeemed lord scripture encouragement good days provider portal adp statement self service appreciation agape love blessing another thank
61	graduation wedding party announcements wear women dresses engagement 2019 invitation wording outfits prom dress alterations near attire attending things invite bring gift photo steps planning quotes speech design places parties gifts honor cords sample photos another word
62	herpes pimples simplex get zoster virus 1 quiz throat canker sore genital curable causes type stomach ulcer face 2 hurt mrsa staph infection test genitalis oral contagious shingles bites look like bronchitis
63	gas propane cause density liquid description types mask peoples contact number edamame calculate steam oxygen artichokes volume state matter rate calculation formula smoke ideal law questions composition air properties phet simulation origin term gaslighting
64	quizlet answers quiz database knowledge computer questions software? guess character basic risk management sharepoint elements compounds managerial accounting reports human capital general online price floor anagrams periodic table examples access tables math brain teasers discovery word search puzzlemaker use virtual machine test hypothesis stem cells derivative classification exam
65	lake mountain lady weather district va mohonk city fl ms forecast lakegirl address lodge resort isabella ca family resource center house arrowhead community association horn town beatrix potter holiday cross junction county tour de cure nona eola park events shasta hide way
66	fries french called eat recipes meat cucumbers cucumber carbs swine meal worms blobfish sweet potato keto ground venison jerky loaf leftover gammon hamsters pickle gherkin bread butter pickles mincemeat pie broccoli animal waffle near calories curly history bad
67	organ function organs functions example system systems following contains villi? sacco vanzetti vagus nerve afib juxtaglomerular apparatus anus corti definition trachea prescribe accutane strep esophagus mitral valve structure sarcomere hepatic panel tests organelles parietal cells
68	number global phone entry international tel link card contact list codes customer service dialing booking.com usps id location activate account lookup calling directory mobile subscriber identity cell plans schedule appointment known traveler
69	strawberries freeze nutrition good cranberries sale need facts cranberry hulled refrigerated? eat chokeberries growing containers balsamic vinegar refrigeration dried plants best way wash locally blueberries sauce fresh juice help uti near peaches value recipes using frozen
70	wrote remitter authored desperation mystery babylon created swot analysis oedipus rex lean jose marti geronimo stilton elan musk sleepy hollow hedy lamarr hey jude days giver book wonder cabal dorit kemsley way maggie may
71	niels bohr neutrophils definition pseudoephedrine controlled diagnosis code nephrolithiasis hapsburgs nacirema anemia hernia ekg test flomax cause ed dr gundry pusha acer ueip framework dr. sebi hysteroscopy niacin neurologist rivaroxaban affect inr hedy lamarr
72	difference definition presume assume synonym explicate declaration indiscrepancy word sine rule ambiguous case stages borderline relationship address issue different words conclusion citation referencing sudafed mucinex make meaning dealing ambiguity examples beg question fallacy enquiry inquiry lew define " ' e.g. i.e. areas concern
73	disney magic fireworks cake kingdom world food schedule time extra hours angel recipes pops much dessert bands designs freeze birthday whole foods chantilly price disneyland paris wine ingredients cruise feel love tonight princess quiz band colors tickets recipe weight watchers
74	zip code address find county codes lookup location luling look windham area finding search need medford number us
75	nfl teams today printable standings game guess football games play list decon uniforms plays pass mã©xico team sheets carries network terry crews stats wild card injury report current playoff scenarios division player divisions chart original names
76	north carolina nc license lumberton, lumberton counties state court town general statutes county robeson crv center verification map renewal business probate pinehurst corporation commission contractor forestry association forest service government houses sale laws federal city list pinetops
77	kidney stones cause kidneys women get disease foods creatine effects metformin damage excessive spinach consumption lisinopril problems bloating dehydration pain causes eat considered medications creatinine levels people ranitidine side affect milk
78	elevation warrensburg site step opsec process ad mean la paz kunta kinte william seward level pidgey evolve advanced agt audre lorde geert hofstede find address steny hoyer monarch glen cast needs npi carter g woodson tudors wilmot proviso danai gurira henry parkes
79	lord henry haw stanley dauphin mcpon ree drummond jean piaget viii father voldemort milgram current inspector general karrueche tran tudor louis xiv olly murs claes oldenburg kublai khan andrew cunanan william tell king agrippa prince
80	phone number ssa wnli area codes list dvla spectrum retention department ca edd atf nfa fpl pa dmv us imaging mcafee adp contact liberty mutual claims llok wa dol mo dor gov net flix connections academy
81	last avatar airbender season 1 3 game episodes air episode quiz gogoanime comics online games books book cast avatars stream watch bender 7 wikia film
82	license renewal driver's drivers cost driving driver form dps renew fee locations requirements ca much motor vehicle current status licence test questions look information dmv grace period nd
83	different types flowers names plants orchid plant flower bushes vanda orchids leaf colors roses look like ferns color meanings symbolism leaves yew shrubs meaning rose ficus repotting description chart methods propagation care spirea botanical gardens show kinds
84	rhetorical example definition monologue questions meme define ethos analysis respondent called say voice siri exo bias telling petitioner writing vacuole wrote consitution remitter precipitate form calling carrier straight talk rhetoric
85	killer kill killed murder zodiac really who's real name collusion crime bobby shmurda jeff rasputin oj ray lewis case happened aaron hernandez john sweeney murderer btk people involved death penalty created jonbenet ramsey robespierre executed chris kyle gianni versace murdered mystery near snape dumbledore
86	cost movies movie tax deductible tuition much ticket college hulu average rent pay application fees prices 2018 tv student loan owe showtime subscription tickets gift card payments dollar near private school lyft charge per passenger spirit airlines view
87	missouri state show search jobs real vital cities department many reps casenet courts case net area codes places visit refund id requirements bureau records list career center vehicle title statistics revenue locations return status population cna registry verification estate forms
88	women vote right usa first get american woman rights amendment suffragette movement guess girl coupon code state give given child brides got list ladies league voters gain womens giving voting votes uk
89	example speciation use mean swot analysis folate determiner sos oh dear matter sympatric makes scion picts annuitant hazard guess meaning hypothesis question scatter plot reflexology miscellaneous pleiadians claim ppi eliquis affect inr prilosec cause constipation hep curable
90	ham cooking time recipe baked crock pot cooked recipes cook crockpot butt portion hock sides gravy temp glaze already spiral reheating temperature hocks left precooked
91	control panel system settings unit document functions review example policy define display types charts decision officer process take center configuration manager function icon view interface procedure examples planning analysis group command line requirements go definition operating systems documentation guidelines language
92	soil clover good erosion plants fertilizer weeds ash gardens lawns gravel best types need grass compost micro seed coloured herbicide tomato leaves curled important control methods cause pollution broadleaf impacts clippings pea drainage zoysia pictures
93	zip code cleveland tx browns oh brownsville brownsburg points interest meet cast centerville fort campbell katy flats east bank carrollton lisle il trumbull ct bessemer al canyon inn salida co akron wi weis markets honesdale pa arlington la grange & p summary population tn
94	wrist brace thumb muscles types weight lifting support hand supports medical braces anatomy exercises straps right movements terms afo term joint flexion slac forearm golfers
95	switzerland cities president language map capital switzerland? list eea main tudor watches country weather davos direct democracy current time right visit part schengen leader type government spoken currency things geneva
96	dare id font picts inklings virginia amorites gerd nirav modi annuitant dav pilkey ammonites st jerome state abbreviation day stand rafael nadal seleucids clause examples sas visual bts word californios
97	right pain side back upper lower cause constipation severe body abd hurt sharp waist arm
98	unemployment benefits insurance compensation number collect pa social security state claim administers federal laws? eligible find account office website pay taxes taxed rates lookup rate checking status application form pays & applying department labor tax id
99	nutritional value seeds benefits flax cauliflower protein watermelon benefit health tamarind cashew nuts chia pomegranates bean sprouts pomegranate nutrition facts flaxseed safe eat eating avocado vegetable juice good corn wild rice vegetables chart cucumbers
100	us passport cost visa renewal fees payment requirements application place issue department state expedited usa postal stamps process apply citizenship united states become citizen fee restrictions
101	weight archery gain near draw leg exercises weights golf range mean national guard requirements age get shingles shot limit parasailing taylor swift english longbow sport yarn brands xarelto cause viggo mortensen list shift height use midsize grips ankle work supplies clubs plays arrow lifting runners
102	camera motion sensor types security angles shots device close shot photographic memory real roku dvr capabilities systems transfer pictures computer aperture controlled film picture frames different shutter speed type activated focal length photography contact lenses go behind eye examples lights outdoor
103	phone number adp contact claims groupon pnc esurance avast aarp claim comp cams umr prefix lookup modlily access trillium ssa dvla us sample totalsource conns service
104	bad foods high cholesterol food carbs blood acid reflux ketogenic diet causes cause saturated fats sugar cashews lentils go sources pressure make worse ldl negative effects fast
105	grief loss funeral home webster definition sympathy cycle stages mourning county assessor mo sayings models theories diagram acceptance stage bennett wormington monett messages examples downing glancy difference separation divorce quotes ambiguous disenfranchised singleton obituaries phases process counselling bargaining coping anticipatory reed steinbach
106	potato baked recipe homemade wedges bake temp crock pot chips long potato? cook soup latkes carb count making mash recipes loaded skins salad temperature toppings oven
107	net worth john mark paul matt vinny paz frusciante bezos cole bennett leblanc calaway zuckerberg kemsley jerry cantrell p diddy anthony joshua anka travolta elway attanasio pelosi david baszucki roloff bart freundlich jay sekulow
108	black meaning blackheads john blackleg color called death skin pat mahomes see spots poop lives matter rock hanson blackface wrong hannibal barca us flag tongue hole creature pienaar cardi b sirius get
109	turkey need visa travel uk kill assassinated ottomans deport armenians gavrilo princip franz ferdinand archduke acadians deported people fleeing syria president garfield penalty withdrawing roth ira columbus natives ottoman empire join ww1 armenian bd house rent john exiled patmos templars killed visit syrian refugees obama separate immigrant families
110	washington city university george central admissions state selah located medina born lynnwood application port ludlow ubi anna faris united states district court bothell lee kelso town wi chelan map camas doh county sherrifs office mai khalifa
111	heat dog dogs life expectancy symptoms long year cycle female go stroke years cycle? signs breeds lifespan characteristics season age male chart predictions time breed human converter
112	chest pain inflammation heart disease congestion left middle causes area means musculoskeletal breaking cause upper side near sternum chronic treatment wall pains types hernia hole condition infections elderly sided pleuritic around anemia
113	morning show tv news woke cbs lyrics ratings joe series theme song morning? watch morning's today today's hosts arsenal edition channel 9 workout shows contact bob dylan meet call angel world waking cast america radio best time wake
114	tools printable used print template cover letter shapes drawing make relief lasik correct presbyopia care plan creating collagen good find font arthritic fingers straightened things draw disability work created microscope sample templates stitches osha recordable get stretch marks shredded paper composted cut images ointment piles treatment makes ridgid word types
115	makes drive batteries engines drives go scooter acceleration booster tiffin motorhomes ryobi generator one eye application launcher leos use transmission power steering battery alternator choose removable mobility near advance auto codeine generac make range rover motor controls vector duromax generators force ronnie spector
116	llc city inc ca ltd management bara properties portfolio recov pra town davie building arvin haworth india pvt bh services perigold owned wayfair title security agency j r simplot company e group abm industry groups plan investments opelika al lathrop empire state development corporation enterprise holdings claims apex center arvada
117	moth moths meaning types hawk hummingbird facts balls difference caterpillar mothball fly ash codling life cycle sound magpie biblical toxic butterfly bite people kids pictures uk death tattoo privet legend mothman breathing dangerous butterflies looks like termite insect locust insects
118	taxable ira roth distributions deductible margin death premature contributions confidence interval error dividends inherited estimated useful lives depreciable assets earnings relocation allowance royalties passive income depreciation asset benefit spousal support interest taxability benefits deduct contribution accounts payable nonrecourse liabilities
119	pioneer woman mother ree girl ranch live? mary's mama may birthplace sandra day o'connor drummond jane goodall famous lee ann rimes live drummond's alive chara history women's movement store website teresa tours location meghan markle met mercantile address
120	private public ip virtual network cloud company examples range limited sector nist definitions community clouds list security agencies vpn right way laws (vpn) law addresses saba log goods reviews sectors vs compare service provider definition address
121	4 4th season grade last kingdom doe estate mean cause effect base number system pick numbers pa ages empire stage copd expect context clues piaget stages development poldark find determinant 4x4 matrix answers everfi module one president main idea worksheets list antonyms exceptions amendment atf form status travelers
122	gold nc goldsboro silver news argus mines foil experiment long john located crown hallmark stores locations klondike rush facts canyon az zip code ks bank north carolina gem map fort knox vault geiger marsden les pawn shop state employees credit union charts historical fossil tone hardware handbags describe rutherford's dollar
123	financial cash capital asset ratio net flow formula definition leverage pricing model money market insured important ratios key performance indicators examples equation gains considered income accounts structure management cost planner planning types mean position current liabilities funds fdic
124	acre per cost feet conversion land average square clearing price hemp converter root canal crown farming costs dimensions profit parking spaces foot acreage mulch yard state meter crop yield
125	cancer cause curable get mean type jim kelly anemia alicia keys stevia caillou disability h pylori radiation metastatic dysplasia stomach hereditary botox omeprazole sclerotic lesion hemorrhoids endometrial leukemia pancreatic lupus
126	yale university new address school connecticut state hospital mascot materials handling corporation health system intranet location college vs acceptance rate history meryl streep management edu time law requirements eastern central jobs attitude change approach directory business campus
127	death valley weather notify someone dies cold affect arthritis called dow falling make sick history quorn bad temperature pipes freeze jade scott happened dying dieing whether difference location oh sting national park elevation
128	walmart pharmacy hours apply phone card careers time open? schedule eye exam online money center activate capital one holiday jobs sign mastercard account take vsp walmart.com print number job applications retail store plans place order cash checks contact credit walmarts open today
129	never give gonna lyrics let thou shall song going said tragedy go waste hands shoot hoax kill verse person deprived life liberty misunderstood shalt commit adultery link wanna lose love tonight gunna ship murder family means nobody gets left behind ever rick astley
130	ants ant kill killer carpenter home yard bites pictures borax kills remedy cornmeal killing cinnamon vinegar outside treatment symptoms itch killers work infestation grasshopper story praying mantis eat ghost products recipe house damage bite remedies raid liquid
131	octagon absolute definition angles formula difference comparative monoliths el morro national monument interior burton cummings eyes types rock ks2 names solid shapes space concatenate stratified squamous epithelium structure surface area pyramid properties granite heterogeneous mixture mean deviation major minor arcana mono oryx crake summary isolated alk phos elevation sides infinity
132	ibn elbaite nipsey hussell apr ta-nehisi coates ip la llorona hoda kotb nacirema idris elba madara uchiha wilmot proviso wadu hek osha jaqi clements sina malika haqq meme folate battuta
133	important leadership oligarchy bad management vs def impeached imperialism autocratic leader government challenge process neville chamberlain resign voting matter grammarly scam political parties crush entresto irrevocable trust amended performance federation control groups servant followership task host impedisce chiusura monopolies quotes enemy
134	treatment hematoma hemorrhoids subdural epidural signs hemorrhage causes define hemolytic reactions hemorrhoid management pulmonary embolism internal retinal treatments results blood pressure systolic meaning hemolysis phlebotomy subarachnoid guidelines rectal suppository vascular access hemodialysis list hemostatic agents medicine symptoms banding procedure hemoglobin transfuse diagnosis code hematochezia edema
135	green beans pepper sodium keto recipes tea bell contain good much eat bananas potassium fluorite crystal meaning nutrition caffeine black acid reflux garlic powder sauce recipe net carbs kidney stones nutritional information canned coffee sulphur juice
136	definition sharing network examples shared agreement share centre meaning meaningful use measures list choice privilege log group communication mutual release form incorporated reference collaboration point sign networks ratio synecdoche trope solutions copay assistance dissemination information sample mou contained classification services operating model co op branching
137	missouri city population state number bureau branson counties map county routing perryville ems republic return status casenet list names o'fallon zip codes kansas regions bank articles organization show vital records community america taney collector
138	transmitted sexually sexual diseases blood side effects list metformin uk narcissism behavior patterns fetishes menstrual smell thailand bacterial symptoms define infection lyme disease hepatitis flomax women infections types immorality examples assault creatine clots menstruation
139	bankruptcy court federal search file loans inheritance monies taken trustee rules creditors case filings state help fees include student inherit debt taxes dismissed records get home loan dismissal vs discharge closing costs part mortgage us sdny u people requirements land registry lenders work
140	buddy test nmc treats tmj problems huell howser's partner makes fitbit products omeprazole used luddites jokes call remitter tsa bring acer made pronoun probate mean pep mcpon ilook like that? simvastatin dav pilkey
141	ms definition project word access schema baseline form msdcf example gantt chart security analyzer filter set allegory examples power point draft watermark css humana support portal assessment evaluation parts cross reference used critical path iif statement design information management system wbs
142	soul important difference & spirit keto work definition metaphase dalits metaphors used body composition left voice use dba stone magi lyrica controlled reflection people mind mental capacity act apply pride sin hysteroscopy exist
143	john hopkins ebp model town aultman orrville cirque du soleil kooza clarence anglin boyd ooda loop edd ultipro chs net campbell de morgan spot erocam aor omes hopkinton ri wheal a/an today aed inr gault summary el dorado springs mo obituaries fort hunter liggett mwr delavan wi u mn crookston
144	blood heart flow circulation pathway supply diagram makes pump order losartan increase pressure human vessels carry causes fluid around returns via
145	generic name cialis celebrex zanaflex available gabapentin eliquis paxil remeron vicodin percocet equivalent ventolin inhaler flovent xifaxan cephalexin lomotil controlled substance risperidone drug nexium
146	atp electron energy glycolysis demand cellular increased glycolysis, role enzyme cells function many produce full form suppose cellâs suddenly exceeds supply respiration.which statement correctly describes would lead rate production? world tennis stages respiration, transfer electrons donors acceptors plays critical overall conversion foods atp. reactions involving transfers known oxidation-reduction, redox, reactions.drag
147	anorexia nervosa risk factors cause hypothyroidism causes acne percentage world adhd etiology statistics zofran constipation congenital adrenal hyperplasia rch facts difference bulimia get eczema disease hormonal henry viii syphilis symptoms people ocd nuts treatment
148	badminton sport need nintendo switch video memory card data represented binary size court apply blue badge quantum computers ace hardware make keys checker clear shot gymnastics yoga batteries basic rules games helpful gaming satisfy dennis jernigan remember trivia coconut water electrolytes clams brains avatar 2
149	disease symptoms colonoscopy placenta genital warts leiomyoma cause hereditary dysplasia needs fibromyalgia get hysterectomy really need uterine ganglion cysts form anorexia signs previa hiatal hernia bloating crohn's lesion pancreas celiac genetic polymyalgia rheumatica curable flomax erectile dysfunction turner syndrome uterus
150	x axis independent variable function calculator dependent go x-axis domain terms derivative determine whether equation defines versus words start reflection find intercept country starts symbol bar graph ray diffraction image
151	three 3 words branches letter ending sentences 1 2 chart government tier punctuation marks end sentence point estimating technique conditional type primary germ layers phases transition text citation authors apa goverment ky pick results types describe management style hep b dose schedule compares set values three-dimensional _____. measures central tendency
152	astronomy stars constellation names pictures day list facts astrology astrological signs define astronomers moon quotes photo periodic table orbitals name leo aries today dates compatibility houses meanings galaxy core prime specs study ptolemy solar system model planetary nebula american institute aeronautics astro galileo galilei discoveries
153	guitar chords lyrics songs types used center plectrums song tabs parts acoustic notes played beat capo chart guitars pickups string instruments list gear anatomy strings words
154	dogs dog female pregnancy pregnant signs gestation age puppy period heat symptoms go long shows unique names name early mammary tumors chart neutered get housebroken menstruate phantom puberty stages abby huntsman
155	hall baseball fame willie texas rangers billy ray cyrus mcgee famers related people son players major league mays official site al kaline player team dale murphy lyrics bobby mickey mantle stats career duck dynasty robertson johnny cash hendersonville home family yankee mullet played otis campbell andy griffith cowboy mlb
156	seeds chia seed benefits dispersal importance chickpea legume ways zoysia sale pros cons eating moringa rice parable sprouted factors affecting germination benefit best way sprout part plant; structure contains shelf life good coriander uses keto friendly
157	sentence conflict interest examples word definition confounding volatile meaning? corrosive another discord insidious control ambiguous arbitrary capricious types variables example variable trouble making decisions disorder perceived undue influence cases contradiction terms meaning become ambidextrous jargon characteristics emotional immaturity hazardous symbols meanings stages borderline relationship
158	created important causes li tertiary mean lomotil controlled plan personification used fmla reference invented consignee write built giver wrote metamorphosis sarbanes oxley act ppe whitleblower voice hipaa enacted losartan cause ed fractions
159	mars earth distance travel time long take get people water many moons length day atmosphere send humans sun average problems going retrograde named km seasons
160	rock built rocks definition metamorphic facts stonehenge dome uluru form kid uses ayers king shard fossils found type types ks2 cycle history tectonic plates move owns hard formed difference stone
161	android app play store download studio wunderlist fitbit work phones pop ads showbox make development tools custom roms facetime visual game maker windows emulator caller id apps google word rooting software wechat device
162	prostate enlarged cause treatment remedy signs treatments webmd nhs cure procedures erectile dysfunction ed serious enlargement shrink gland raise psa symptom side effects function symptoms home medicine
163	customer service skills requirements goals examples code due diligence know testing phase ensures meets jobs representative rule measurable project managers ensure compliance regulations resume objective optimum altice expectations role meaning get verification definition excellence fincen performance evaluation validity information list client
164	temperature current map earth us ground change united states affect solubility depth chart national ph albuquerque nm earth's core pressure directly related mesa az lanzarote average graph definition science body celcius chandigarh today specific gravity
165	batman robin cast order movie joker film begin actors quotes beyond created animated series gotham first telltale season 1 marvel dc bane dick grayson leave list comics adam west ben affleck movies played &
166	fraction fractions convert fractional divided mm number word converting mean? metric conversion denominator chart routing insert numerator flow reserve measurement percents method partial percentage calculator percent ratio sum unit symbol
167	period comma go quotation place quotations marks question mark parenthesis quote? quotes however therefore footnote asterisk put quote citation
168	jury grand supreme court branch duty judge purpose justices judicial important electoral college attorney general selects controls bureaucracy involved system rgb chief justice united states corporate governance judy really members executive charge federal report
169	killer murder zodiac serial ted bundy caught mystery detective h holmes scott baio leave diagnosis definition really killed jonbenet ramsey ever confess signs ask jeff catch real name john sweeney murderer robber barons charles manson get robert durst id tom clancy murdered writing
170	underwater turtles long breath squid mammal whale turtle water sealant works hippo hold squidward octopus record holding life live breathe egg float amphibians lungs whales drink tortoise snapping hibernate make sounds pool frogs gills ovulate without period swim getting ears pierced orca dolphin
171	psychic real soul get cabal spirits manifest conjuring ghost use zelle transcendentalists orbs appear humans mange mediums near dreams empath judaizers abilities members cathars harriet tubman visions mental capacity act apply
172	positive new words describe attitude thinking ways improve life success benefits brave world someone means? good power quotes feel better things mean change encouraging behaviour causes babinski reflex deal claim definition importance phrases quote example reinforcements list another way say
173	definition meaning word terms define yield evidence insurability eoi form trope examples describes means egress normative statement one preamble phrase pertaining idiom bearing mind allusion example said conditions following proof concept take consideration coming
174	computer software programs file files information compression mean software? usage aptitude questions classification names examples sequence science history glossary terms install whatsapp registers architecture delete windows temp technology jobs types ppt stress testing pdf copy computers transfer systems abbreviations meanings list
175	unlock phone device mobile technology unlocked app att get mean find history patent process invented real id way learning unlocked? requirements sprint phones program key fob check need made request
176	male names guy name tom man nationality ish john stott meaning boys sam asghari perez cletus kasady ray mr real masked start b fawkes styer abu bakr meanings allstate fieri king tut wadu hek stan lee?
177	bear polar population grizzly vs bears brown weight much liver weigh current lion information important structural adaptations meat edible alaska history hear size comparison fact file timeline facts extinction articles
178	dogs failure kidney symptoms heart disease treatment congestive signs stages renal dm? dog final canine problems degenerative myelopathy acute prognosis liver
179	fire twin flame stick blaze meaning what's parts roku zodiac sign matches midway vol co nathan hale cast kindle created mustard gas flames know owns hot theodor seuss geisel difference soulmate another word flamingos different colors channels list ring blue dream ray dalio
180	weight loss cause hypothyroidism gain lose metformin prilosec wellbutrin vibration machines work laxatives make kombucha good miralax causes sudden effexor calories venlafaxine kenan thompson app noom stress levothyroxine side effects hrt help
181	cleft palate define definition decongestant diagnosis types dysarthria anarthria assume presume difference causes symptoms strep ga dol separation notice delusion reference example cause sudafed pe nasal list fallacies definitions bundle branch block lis deped sign tarsal tunnel syndrome create hanging indent word mucinex somatic symptom disorder redress grievances branchial cyst
182	film kuch carry films sirhan wondershare filmora wondering hota hai citing apa californios radisson affiliated order cast frasier movie i? list nacirema that? mot dvla ramipril used think series wangari maathai osha apply meme pll
183	thor thoracentesis commands meu tyrus gutfeld spiro agnew mata hari king agrippa chromium lexapro maoi h pylori makes motorhomes ramses ii mercury retrograde ayn rand dnce treats thoracic outlet syndrome real name gaviscon antacid blac chyna mn state abbreviation orbs
184	taxes tax income pay refund file where's much pays estimated percentage taken sc claim gross include taxes? due estimate calculate paycheck deduct assisted living interest payments deductible federal
185	mean parsed precipitates form prednisone used meaning conjunction what's function examples acas said respondent remitter community ms hse called virgo element acer ueip framework creatine reports asafetida probate
186	st thomas jude jeconiah hobbes geronimo stilton dorit kemsley jerome azor ahai cabal spiro agnew moore julius ceaser elon musk saint joel osteen taron egerton jb priestley ibn battuta ephesians aly raisman john
187	jay jack cole bennett torrey devitto henry parkes otis boykin john dalton warby parker sekulow cletus kasady swae lee kit marlowe jk rowling jem finch london jonas salk leeroy jenkins ferrell osbourne gatsby barrett jackson heston blumenthal
188	labor labour cost job symptoms fixed costing delivery stages work burden generally include types market unions important signs variable gsa categories rates approaching general description order system difference process terms calculator supply definition transition stage scope form factors affecting demand phases people
189	hipaa covered ocr entity definition mean hippa apply hhs gov omeprazole radisson affiliated esta prednisone nacirema bre tiesi think oj subject erisa list questions dnce enforces regulations needs npi ag azor ahai
190	old navy commercial mother girl sale spectrum met wives tom cruise baby lady customer service number elon musk's hughesnet gen5 womens clothes charter nurse candidate program senior ad quotes daughter home advisor woman time traveler's wife book law suite morgan freeman granddaughter affair older women masterbate list mom day chicks
191	largest tall big height tallest size biggest man ever body james hetfield john studd real chart army tom brady empire unit measurement structures world advantages structure military person robert downey jr shaq muscle carry world's burton cummings stand organ human men
192	crab calories meat recipe legs lump lobster recipes king steamed cake roll stuffed flounder baked shrimp scallops seafood fondue cook bisque tail best rangoon imitation nutrition facts grilled chicken
193	boot drive hard roblox tools devices? creator pin search taskbar cv joint replacement john wayne gacy created name test utility choose removable drives booting process computer owns ryobi testing tool create bootable master record vs guid partition makes metabo efi file find external recovery auto class codes lookup david tate
194	congress articles confederation continental session powers wrote members adopted bicameral president summary quotes constitution congressperson created list made joint represents makes founded indian national presidents
195	cost planned parenthood tubal ligation child support payment birth control treatment options tn inspire sleep apnea device mar monte jobs facts prolapsed womb mo fisher price baby swing recall keratin summary std testing restylane injections indomethacin preterm labor pills pregnancy statistics cpt code pap smear
196	alzheimer's dementia disease stages causes alzheimers cause part body affect brain pictures risk factors type treatment symptoms alzheimer timeline statins genetic benadryl definition difference types thing mental disorder history
197	diesel prices fuel price uk per current today average litre national haryana cost near gas kuwait generator list petrol france state rate gallon surcharge & historical chart
198	sacramento county ca search superior court jobs public records bank river near scotts seadoos case forms city co utilities billing ccw renewal zip codes cooperative personnel services department human assistance state portal login harris appraisal district map area west assessors office
199	amazon prime download music subscription pay card get refunded make payment fee membership sale movies plans songs refund gift roku support promotional code shows senior discount
200	codeine polyester plastic used percocet cover pseudomonas polydextrose made prednisone dye polystyrene silicone dyed doxycycline quinoa lectins psyllium husk mayflower compact written generic trelegy ellipta polypropylene material data sheet ironed created bromphenir pseudoephed dm unasyn meropenem contain pseudoephedrine controlled
